Date,SessionTime,DriverAhead,DistanceToDriverAhead,Time,RPM,Speed,nGear,Throttle,Brake,DRS,Source,Distance,RelativeDistance,Status,X,Y,Z,Lap,processed_time,Anomaly_Type
2026-06-14T13:17:51.986+05:30,0 days 01:08:05.221000,63,102.14388888888925,0 days 00:00:33.366000,10567.0,160.0,4,0.0,true,0,car,2027.786666666666,0.440086707552753,OnTrack,-5085.058227657119,-5504.23038884176,1801.6431291333324,11,2026-07-14T15:14:26.335+05:30,BRAKING_EVENT
2026-06-14T13:17:53.227+05:30,0 days 01:08:06.462000,63,98.7158333333332,0 days 00:00:34.607000,10129.0,116.0,2,0.0,true,0,car,2072.4633333333327,0.4497828000761768,OnTrack,-5224.748299197322,-5869.05307563087,1787.4998511860142,11,2026-07-14T15:14:26.335+05:30,BRAKING_EVENT
2026-06-14T13:17:26.990+05:30,0 days 01:07:40.225000,63,138.97860684444436,0 days 00:00:08.370000,8953.646242133333,236.60415146666668,8,0.0,true,0,pos,733.2386693333591,0.1591334025130585,OnTrack,-2575.0,-6470.0,1633.0,11,2026-07-14T15:14:26.335+05:30,BRAKING_EVENT
2026-06-14T13:17:52.986+05:30,0 days 01:08:06.221000,63,97.44388888888898,0 days 00:00:34.366000,10648.0,120.0,2,0.0,true,0,car,2064.697777777777,0.4480974562316094,OnTrack,-5221.615236710651,-5829.74874662868,1789.163290433529,11,2026-07-14T15:14:26.335+05:30,BRAKING_EVENT
2026-06-14T13:18:17.270+05:30,0 days 01:08:30.505000,63,90.09610780444315,0 days 00:00:58.650000,10861.65011712,165.6249856,6,0.0,true,0,pos,3408.264916539134,0.7396892928844913,OnTrack,1085.0,1714.0,1823.0,11,2026-07-14T15:14:26.335+05:30,BRAKING_EVENT
2026-06-14T13:17:42.769+05:30,0 days 01:07:56.004000,63,153.27944254222237,0 days 00:00:24.149000,9838.931648,246.2749952,7,18.077260799999998,true,0,pos,1587.7950179411437,0.3445961516568389,OnTrack,-5506.0,-3505.0,1813.0,11,2026-07-14T15:14:26.335+05:30,BRAKING_EVENT
2026-06-14T13:18:37.310+05:30,0 days 01:08:50.545000,63,224.2627847466673,0 days 00:01:18.690000,10529.014122057142,170.0285641142857,4,34.45715382857143,true,0,pos,4283.835592703359,0.9297127418187243,OnTrack,2741.0,2929.0,1758.0,11,2026-07-14T15:14:26.335+05:30,BRAKING_EVENT
2026-06-14T13:17:28.226+05:30,0 days 01:07:41.461000,63,128.14166666666665,0 days 00:00:09.606000,9281.0,154.0,4,0.0,true,0,car,794.503888888889,0.17242967731597486,OnTrack,-2937.8645168132107,-6875.8688594812,1624.282117713601,11,2026-07-14T15:14:26.335+05:30,BRAKING_EVENT
2026-06-14T13:17:27.810+05:30,0 days 01:07:41.045000,63,128.8661113063355,0 days 00:00:09.190000,10321.304474754574,170.44720832684058,7,0.0,true,0,pos,776.4306332119191,0.16850727279661218,OnTrack,-2801.0,-6753.0,1628.0,11,2026-07-14T15:14:26.335+05:30,BRAKING_EVENT
2026-06-14T13:18:25.990+05:30,0 days 01:08:39.225000,63,91.31833440000014,0 days 00:01:07.370000,8860.5164544,124.083328,3,4.1833344,true,0,pos,3728.4068973003855,0.8091691018696424,OnTrack,-683.0,2132.0,1896.0,11,2026-07-14T15:14:26.335+05:30,BRAKING_EVENT
2026-06-14T13:17:42.889+05:30,0 days 01:07:56.124000,63,149.78305409576595,0 days 00:00:24.269000,9483.647567034941,237.69811010893682,7,0.0,true,0,pos,1595.5281879315637,0.34627446692341673,OnTrack,-5461.0,-3440.0,1814.0,11,2026-07-14T15:14:26.335+05:30,BRAKING_EVENT
2026-06-14T13:18:25.546+05:30,0 days 01:08:38.781000,63,91.42388888888809,0 days 00:01:06.926000,9544.0,134.0,3,5.0,true,0,car,3712.718333333331,0.8057642424847834,OnTrack,-559.366525426783,2123.9160085968188,1890.578374647519,11,2026-07-14T15:14:26.335+05:30,BRAKING_EVENT
2026-06-14T13:18:16.929+05:30,0 days 01:08:30.164000,63,96.7999999999991,0 days 00:00:58.309000,10133.685714285713,205.02857142857144,6,0.0,true,0,pos,3392.433751960209,0.7362534851583672,OnTrack,931.0,1650.0,1824.0,11,2026-07-14T15:14:26.335+05:30,BRAKING_EVENT
2026-06-14T13:18:37.066+05:30,0 days 01:08:50.301000,63,217.62055555555617,0 days 00:01:18.446000,10685.0,177.0,4,24.0,true,0,car,4272.369444444442,0.9272242653342262,OnTrack,2673.7204238706936,3023.4433891358663,1761.7925322933445,11,2026-07-14T15:14:26.335+05:30,BRAKING_EVENT
2026-06-14T13:18:02.105+05:30,0 days 01:08:15.340000,63,126.1136111111091,0 days 00:00:43.485000,9644.0,170.0,5,0.0,true,0,car,2497.8972222222224,0.5421139128703277,OnTrack,-2097.741456688652,-4150.280029928792,1661.8483664666446,11,2026-07-14T15:14:26.335+05:30,BRAKING_EVENT
2026-06-14T13:18:17.105+05:30,0 days 01:08:30.340000,63,92.93777777777677,0 days 00:00:58.485000,10761.0,178.0,6,0.0,true,0,car,3400.7602777777756,0.7380605753186105,OnTrack,1013.2757485416215,1683.9908739287548,1824.241846588967,11,2026-07-14T15:14:26.335+05:30,BRAKING_EVENT
2026-06-14T13:17:44.306+05:30,0 days 01:07:57.541000,63,138.17472222222204,0 days 00:00:25.686000,9245.0,153.0,4,0.0,true,0,car,1665.5936111111107,0.36148063328561325,OnTrack,-4967.356918007514,-2903.198548037954,1821.1155638475107,11,2026-07-14T15:14:26.335+05:30,BRAKING_EVENT
2026-06-14T13:18:24.425+05:30,0 days 01:08:37.660000,63,102.49444444444316,0 days 00:01:05.805000,10536.0,177.0,4,12.0,true,0,car,3666.2144444444425,0.7956715913760984,OnTrack,-75.16093842682506,2269.9355826529354,1870.7645668316036,11,2026-07-14T15:14:26.335+05:30,BRAKING_EVENT
2026-06-14T13:18:18.070+05:30,0 days 01:08:31.305000,63,83.25388936484192,0 days 00:00:59.450000,9293.723900562985,129.36951216774784,3,0.0,true,0,pos,3439.5711610083235,0.7464836279497945,OnTrack,1353.0,1877.0,1820.0,11,2026-07-14T15:14:26.335+05:30,BRAKING_EVENT
2026-06-14T13:18:36.109+05:30,0 days 01:08:49.344000,63,200.85694500750154,0 days 00:01:17.489000,10138.681140092043,221.43507689329175,6,8.28018233728549,true,0,pos,4222.385855987914,0.9163764216053468,OnTrack,2296.0,3357.0,1783.0,11,2026-07-14T15:14:26.335+05:30,BRAKING_EVENT
2026-06-14T13:18:16.386+05:30,0 days 01:08:29.621000,63,114.26999999999907,0 days 00:00:57.766000,9386.0,242.0,7,0.0,true,0,car,3359.966111111109,0.7292070944318844,OnTrack,615.498206552509,1522.4694822823205,1828.7953571272571,11,2026-07-14T15:14:26.335+05:30,BRAKING_EVENT
2026-06-14T13:17:28.825+05:30,0 days 01:07:42.060000,63,130.05194444444453,0 days 00:00:10.205000,9177.0,138.0,4,0.0,true,0,car,818.328888888889,0.1776003720344089,OnTrack,-3147.7178847629125,-6980.470513793966,1622.916935281181,11,2026-07-14T15:14:26.335+05:30,BRAKING_EVENT
2026-06-14T13:18:41.545+05:30,0 days 01:08:54.780000,63,374.6522222222202,0 days 00:01:22.925000,9650.0,127.0,3,0.0,true,0,car,4488.9524999999985,0.9742288765184205,OnTrack,2130.4269827606013,1194.8665184881288,1743.9999999999286,11,2026-07-14T15:14:26.335+05:30,BRAKING_EVENT
2026-06-14T13:18:16.825+05:30,0 days 01:08:30.060000,63,99.08222222222139,0 days 00:00:58.205000,9763.0,221.0,6,0.0,true,0,car,3386.915833333331,0.7350559417081785,OnTrack,875.286950651119,1627.6758886402376,1824.707054654536,11,2026-07-14T15:14:26.335+05:30,BRAKING_EVENT
2026-06-14T13:17:26.250+05:30,0 days 01:07:39.485000,63,165.47777777777782,0 days 00:00:07.630000,10723.2,307.4,8,1.4,true,0,pos,679.7179780022219,0.14751790803277098,OnTrack,-2242.0,-5911.0,1640.0,11,2026-07-14T15:14:26.335+05:30,BRAKING_EVENT
2026-06-14T13:18:01.545+05:30,0 days 01:08:14.780000,63,126.1580555555538,0 days 00:00:42.925000,10730.0,237.0,6,0.0,true,0,car,2470.3527777777776,0.5361359941542274,OnTrack,-2182.2960694820563,-4362.685263781346,1657.8633634769167,11,2026-07-14T15:14:26.335+05:30,BRAKING_EVENT
2026-06-14T13:18:17.986+05:30,0 days 01:08:31.221000,63,83.09055555555415,0 days 00:00:59.366000,9474.0,132.0,3,0.0,true,0,car,3436.6808333333315,0.7458563455974911,OnTrack,1343.4453482759545,1863.724115175691,1820.3137390973986,11,2026-07-14T15:14:26.335+05:30,BRAKING_EVENT
2026-06-14T13:48:44.190+05:30,0 days 01:38:57.425000,1,303.0202826844458,0 days 00:00:32.090000,10326.3376544,177.8249792,5,0.0,true,0,pos,2014.1226226622198,0.43395945167919464,OnTrack,-5022.0,-5402.0,1806.0,33,2026-07-14T15:14:26.335+05:30,BRAKING_EVENT
2026-06-14T13:49:09.433+05:30,0 days 01:39:22.668000,1,247.8591666666689,0 days 00:00:57.333000,9857.0,166.0,7,0.0,true,0,car,3406.914999999999,0.7340481402087751,OnTrack,1178.9052675850276,1759.8478940664786,1822.3939005415236,33,2026-07-14T15:14:26.335+05:30,BRAKING_EVENT
2026-06-14T13:49:08.233+05:30,0 days 01:39:21.468000,1,255.8866666666686,0 days 00:00:56.133000,9637.0,291.0,8,0.0,true,0,car,3338.1683333333326,0.7192360997521687,OnTrack,501.81749629551166,1470.865647555776,1830.1382009507095,33,2026-07-14T15:14:26.335+05:30,BRAKING_EVENT
2026-06-14T13:49:27.753+05:30,0 days 01:39:40.988000,1,465.1863888888902,0 days 00:01:15.653000,10654.0,239.0,6,13.0,true,0,car,4248.325000000002,0.9153369148489019,OnTrack,2613.4717788697544,3090.645000389072,1766.0567478110343,33,2026-07-14T15:14:26.335+05:30,BRAKING_EVENT
2026-06-14T13:49:16.450+05:30,0 days 01:39:29.685000,1,264.40638805333407,0 days 00:01:04.350000,10591.064017066667,168.83055786666668,4,7.088900266666663,true,0,pos,3669.9884077532215,0.7907294914311092,OnTrack,-215.0,2198.0,1876.0,33,2026-07-14T15:14:26.335+05:30,BRAKING_EVENT
2026-06-14T13:49:18.473+05:30,0 days 01:39:31.708000,1,317.38555555555604,0 days 00:01:06.373000,8248.0,114.0,3,0.0,false,0,car,3744.5894444444466,0.806802904545566,OnTrack,-931.1272836666129,2267.3302095741105,1907.3560012176347,33,2026-07-14T15:14:26.335+05:30,THROTTLE_DROP
2026-06-14T13:48:54.953+05:30,0 days 01:39:08.188000,1,375.2244444444459,0 days 00:00:42.853000,9660.0,136.0,3,0.0,true,0,car,2510.082777777778,0.5408181873624246,OnTrack,-2085.7130916417304,-3903.9054567908415,1668.374970355375,33,2026-07-14T15:14:26.335+05:30,BRAKING_EVENT
2026-06-14T13:48:21.670+05:30,0 days 01:38:34.905000,1,387.57805811555613,0 days 00:00:09.570000,10892.5715504,157.1124928,4,0.0,true,0,pos,794.6301994931605,0.17120967799069908,OnTrack,-2948.0,-6883.0,1624.0,33,2026-07-14T15:14:26.335+05:30,BRAKING_EVENT
2026-06-14T13:48:46.691+05:30,0 days 01:38:59.926000,1,366.8236121422234,0 days 00:00:34.591000,8743.03993344,98.01999872,2,0.49500032,true,0,pos,2100.174650325512,0.4525000759294133,OnTrack,-5142.0,-6144.0,1770.0,33,2026-07-14T15:14:26.335+05:30,BRAKING_EVENT
2026-06-14T13:48:20.432+05:30,0 days 01:38:33.667000,1,382.444444444445,0 days 00:00:08.332000,9333.0,242.0,8,0.0,true,0,car,733.368611111111,0.15801035983392708,OnTrack,-2558.3854548524164,-6445.365065250874,1633.3719360801574,33,2026-07-14T15:14:26.335+05:30,BRAKING_EVENT
2026-06-14T13:49:09.113+05:30,0 days 01:39:22.348000,1,247.05916666666917,0 days 00:00:57.013000,9368.0,186.0,8,0.0,true,0,car,3392.1594444444436,0.7308689331803336,OnTrack,1028.2858073422176,1689.825871606211,1824.0857946673261,33,2026-07-14T15:14:26.335+05:30,BRAKING_EVENT
2026-06-14T13:49:17.110+05:30,0 days 01:39:30.345000,1,278.759172853334,0 days 00:01:05.010000,10299.460849230769,143.86152763076922,4,2.0846148923076924,true,0,pos,3697.2192907754843,0.7965966114029119,OnTrack,-492.0,2126.0,1887.0,33,2026-07-14T15:14:26.335+05:30,BRAKING_EVENT
2026-06-14T13:49:18.072+05:30,0 days 01:39:31.307000,1,304.82222222222344,0 days 00:01:05.972000,8669.0,121.0,3,0.0,true,0,car,3731.7122222222238,0.8040284000383278,OnTrack,-829.9804642950867,2182.7386498673673,1903.9199317022667,33,2026-07-14T15:14:26.335+05:30,BRAKING_EVENT
2026-06-14T13:48:36.370+05:30,0 days 01:38:49.605000,1,362.5330554962176,0 days 00:00:24.270000,10125.850324150613,182.0997749986068,7,0.0,true,0,pos,1638.845519402775,0.3531028821109688,OnTrack,-5140.0,-3029.0,1819.0,33,2026-07-14T15:14:26.335+05:30,BRAKING_EVENT
2026-06-14T13:48:21.032+05:30,0 days 01:38:34.267000,1,381.6777777777784,0 days 00:00:08.932000,10469.0,186.0,8,0.0,true,0,car,765.7908333333332,0.16499599696419237,OnTrack,-2736.598757007444,-6682.484019691376,1630.1185078487028,33,2026-07-14T15:14:26.335+05:30,BRAKING_EVENT
2026-06-14T13:49:17.290+05:30,0 days 01:39:30.525000,1,283.3358333333339,0 days 00:01:05.190000,9905.114285714286,139.0857142857143,3,2.4857142857142858,true,0,pos,3704.073662726883,0.7980734427835666,OnTrack,-562.0,2122.0,1891.0,33,2026-07-14T15:14:26.335+05:30,BRAKING_EVENT
2026-06-14T13:48:54.750+05:30,0 days 01:39:07.985000,1,371.61555896889047,0 days 00:00:42.650000,9937.674737371428,139.62499657142857,3,0.0,true,0,pos,2502.4512753612917,0.5391739167669385,OnTrack,-2083.0,-3960.0,1666.0,33,2026-07-14T15:14:26.335+05:30,BRAKING_EVENT
2026-06-14T13:49:16.634+05:30,0 days 01:39:29.869000,1,267.25583333333407,0 days 00:01:04.534000,11581.0,164.0,4,3.0,true,0,car,3678.3811111111127,0.7925377690932122,OnTrack,-294.274786334796,2168.1814957928004,1878.7446257352335,33,2026-07-14T15:14:26.335+05:30,BRAKING_EVENT
2026-06-14T13:48:44.513+05:30,0 days 01:38:57.748000,1,310.1405555555573,0 days 00:00:32.413000,11294.0,160.0,5,0.0,true,0,car,2028.5761111111108,0.43707357584003736,OnTrack,-5118.982011983701,-5562.398861605255,1799.6921607119991,33,2026-07-14T15:14:26.335+05:30,BRAKING_EVENT
2026-06-14T13:48:21.273+05:30,0 days 01:38:34.508000,1,383.35138888888946,0 days 00:00:09.173000,10129.0,168.0,6,0.0,true,0,car,777.0374999999999,0.1674191847309006,OnTrack,-2816.4066658656943,-6769.415740428819,1628.15699755417,33,2026-07-14T15:14:26.335+05:30,BRAKING_EVENT
2026-06-14T13:48:53.971+05:30,0 days 01:39:07.206000,1,358.43666784948954,0 days 00:00:41.871000,11022.738088337252,174.17455883085228,6,0.0,true,0,pos,2471.1668689171643,0.5324334314986394,OnTrack,-2140.0,-4291.0,1660.0,33,2026-07-14T15:14:26.335+05:30,BRAKING_EVENT
2026-06-14T13:48:44.710+05:30,0 days 01:38:57.945000,1,315.4486145773316,0 days 00:00:32.610000,10522.828642145563,149.11054565288984,5,0.0,true,0,pos,2036.7319253748517,0.438830813778814,OnTrack,-5124.0,-5574.0,1800.0,33,2026-07-14T15:14:26.335+05:30,BRAKING_EVENT
2026-06-14T13:49:09.570+05:30,0 days 01:39:22.805000,1,248.39194419555807,0 days 00:00:57.470000,10302.249792,157.437504,7,0.0,true,0,pos,3412.747160724645,0.7353047276884525,OnTrack,1261.0,1805.0,1821.0,33,2026-07-14T15:14:26.335+05:30,BRAKING_EVENT
2026-06-14T13:49:17.833+05:30,0 days 01:39:31.068000,1,297.9841666666671,0 days 00:01:05.733000,9052.0,127.0,3,1.0,true,0,car,3723.6791666666686,0.8022976114830662,OnTrack,-756.9754422900697,2150.3296081583326,1900.0468725420424,33,2026-07-14T15:14:26.335+05:30,BRAKING_EVENT
2026-06-14T13:48:20.752+05:30,0 days 01:38:33.987000,1,381.28888888888946,0 days 00:00:08.652000,9312.0,202.0,8,0.0,true,0,car,751.3241666666665,0.16187903344684987,OnTrack,-2649.697900568641,-6574.384678438229,1631.498034700873,33,2026-07-14T15:14:26.335+05:30,BRAKING_EVENT
2026-06-14T13:17:52.626+05:30,0 days 01:08:05.861000,63,96.74388888888916,0 days 00:00:34.006000,10165.0,133.0,3,0.0,true,0,car,2052.697777777777,0.4454931189127759,OnTrack,-5167.164897082933,-5665.954648989191,1796.083835399894,11,2026-07-14T15:14:26.335+05:30,BRAKING_EVENT
2026-06-14T13:18:24.590+05:30,0 days 01:08:37.825000,63,99.9736081777766,0 days 00:01:05.970000,10225.5933888,169.7812416,4,8.3906208,true,0,pos,3673.838755670771,0.7973262812308592,OnTrack,-190.0,2209.0,1875.0,11,2026-07-14T15:14:26.335+05:30,BRAKING_EVENT
2026-06-14T13:18:31.146+05:30,0 days 01:08:44.381000,63,193.47972222222324,0 days 00:01:12.526000,12746.0,194.0,4,100.0,false,0,car,3915.648611111108,0.8498058171129432,OnTrack,-363.49052859253857,3525.352526046753,1917.8574538135804,11,2026-07-14T15:14:26.335+05:30,RPM_LIMIT
2026-06-14T13:18:41.746+05:30,0 days 01:08:54.981000,63,386.2655555555539,0 days 00:01:23.126000,10227.0,115.0,3,0.0,true,0,car,4495.373333333332,0.9756223778407547,OnTrack,2092.704813573978,1136.0864624551516,1743.9999999999984,11,2026-07-14T15:14:26.335+05:30,BRAKING_EVENT
2026-06-14T13:18:37.190+05:30,0 days 01:08:50.425000,63,220.99611808000063,0 days 00:01:18.570000,10605.728407771428,173.45713554285715,4,29.314296685714286,true,0,pos,4278.254302559715,0.9285014449680301,OnTrack,2710.0,2977.0,1760.0,11,2026-07-14T15:14:26.335+05:30,BRAKING_EVENT
2026-06-14T13:18:42.949+05:30,0 days 01:08:56.184000,63,466.9566712355527,0 days 00:01:24.329000,8932.537586133334,71.48749973333334,1,25.9875104,true,0,pos,4523.44719995381,0.9817151960510602,OnTrack,1929.0,883.0,1744.0,11,2026-07-14T15:14:26.335+05:30,BRAKING_EVENT
2026-06-14T13:18:42.185+05:30,0 days 01:08:55.420000,63,413.5513888888863,0 days 00:01:23.565000,9866.0,93.0,2,0.0,true,0,car,4507.553333333332,0.9782657802193708,OnTrack,2014.1264845450694,1016.6075554480442,1743.9999999999977,11,2026-07-14T15:14:26.335+05:30,BRAKING_EVENT
2026-06-14T13:17:43.269+05:30,0 days 01:07:56.504000,63,141.37555495450604,0 days 00:00:24.649000,9733.683536503788,206.74371578091552,7,0.0,true,0,pos,1618.3888079063877,0.3512358640677588,OnTrack,-5326.0,-3247.0,1817.0,11,2026-07-14T15:14:26.335+05:30,BRAKING_EVENT
2026-06-14T13:17:54.270+05:30,0 days 01:08:07.505000,63,116.98556202666593,0 days 00:00:35.650000,8535.3371856,94.6624944,2,0.7625008,true,0,pos,2101.8203022884545,0.45615408756098186,OnTrack,-5124.0,-6162.0,1770.0,11,2026-07-14T15:14:26.335+05:30,BRAKING_EVENT
2026-06-14T13:18:37.346+05:30,0 days 01:08:50.581000,63,225.24277777777843,0 days 00:01:18.726000,10506.0,169.0,4,36.0,true,0,car,4285.513888888886,0.9300769792677263,OnTrack,2750.745264063615,2911.468356808732,1757.3185907572415,11,2026-07-14T15:14:26.335+05:30,BRAKING_EVENT
2026-06-14T13:18:18.745+05:30,0 days 01:08:31.980000,63,85.42194444444294,0 days 00:01:00.125000,7876.0,110.0,3,0.0,true,0,car,3460.8038888888873,0.7510917267497934,OnTrack,1464.0342936028512,2090.708725033921,1817.047518630932,11,2026-07-14T15:14:26.335+05:30,BRAKING_EVENT
2026-06-14T13:17:26.570+05:30,0 days 01:07:39.805000,63,151.32666666666665,0 days 00:00:07.950000,9832.4,283.4,8,0.19999999999999998,true,0,pos,705.17989011992,0.153043858694186,OnTrack,-2403.0,-6196.0,1636.0,11,2026-07-14T15:14:26.335+05:30,BRAKING_EVENT
2026-06-14T13:18:25.706+05:30,0 days 01:08:38.941000,63,91.0683333333327,0 days 00:01:07.086000,9409.0,132.0,3,5.0,true,0,car,3718.5849999999973,0.8070374740628797,OnTrack,-634.9897241343866,2123.0800808563545,1894.4041768801749,11,2026-07-14T15:14:26.335+05:30,BRAKING_EVENT
2026-06-14T13:17:27.970+05:30,0 days 01:07:41.205000,63,128.355,0 days 00:00:09.350000,9940.2,161.31428571428572,5,0.0,true,0,pos,783.5795630483434,0.170058791526839,OnTrack,-2853.0,-6805.0,1627.0,11,2026-07-14T15:14:26.335+05:30,BRAKING_EVENT
2026-06-14T13:18:25.050+05:30,0 days 01:08:38.285000,63,94.22777834666623,0 days 00:01:06.430000,9598.583031466667,152.10416853333334,4,2.7291669333333335,true,0,pos,3693.681678223507,0.8016327532074268,OnTrack,-346.0,2153.0,1880.0,11,2026-07-14T15:14:26.335+05:30,BRAKING_EVENT
2026-06-14T13:18:08.949+05:30,0 days 01:08:22.184000,63,191.4286111278926,0 days 00:00:50.329000,11207.869563972994,216.97515526962695,5,8.07453419111918,true,0,pos,2843.6160395478505,0.6171446143523381,OnTrack,-3508.0,-1236.0,1844.0,11,2026-07-14T15:14:26.335+05:30,BRAKING_EVENT
2026-06-14T13:18:17.170+05:30,0 days 01:08:30.405000,63,91.81833443555443,0 days 00:00:58.550000,10800.64996096,173.1250048,6,0.0,true,0,pos,3403.749786581894,0.738709382763906,OnTrack,1042.0,1696.0,1824.0,11,2026-07-14T15:14:26.335+05:30,BRAKING_EVENT
2026-06-14T13:17:26.985+05:30,0 days 01:07:40.220000,63,139.08972222222212,0 days 00:00:08.365000,8943.0,237.0,8,0.0,true,0,car,732.9255555555557,0.1590654480216773,OnTrack,-2573.7923379513263,-6468.154939349312,1633.022379714708,11,2026-07-14T15:14:26.335+05:30,BRAKING_EVENT
2026-06-14T13:18:24.745+05:30,0 days 01:08:37.980000,63,97.60555555555447,0 days 00:01:06.125000,9934.0,163.0,4,5.0,true,0,car,3680.703333333331,0.7988160875462454,OnTrack,-265.36862188340126,2174.4745996769257,1877.5426001794922,11,2026-07-14T15:14:26.335+05:30,BRAKING_EVENT
2026-06-14T13:17:42.569+05:30,0 days 01:07:55.804000,63,159.2238869866667,0 days 00:00:23.949000,10370.749829818182,261.2749952,7,55.34998807272727,true,0,pos,1574.8377626289002,0.3417840630268948,OnTrack,-5587.0,-3624.0,1811.0,11,2026-07-14T15:14:26.335+05:30,BRAKING_EVENT
2026-06-14T13:18:02.425+05:30,0 days 01:08:15.660000,63,129.62333333333163,0 days 00:00:43.805000,8822.0,147.0,4,0.0,true,0,car,2511.0533333333333,0.5449691587984432,OnTrack,-2086.5330039140613,-4042.360576464466,1662.7956788214055,11,2026-07-14T15:14:26.335+05:30,BRAKING_EVENT
2026-06-14T13:18:16.689+05:30,0 days 01:08:29.924000,63,103.80444444444343,0 days 00:00:58.069000,10040.1,221.0,7,0.0,true,0,pos,3378.698150777703,0.7332724735953495,OnTrack,798.0,1597.0,1826.0,11,2026-07-14T15:14:26.335+05:30,BRAKING_EVENT
2026-06-14T13:49:16.473+05:30,0 days 01:39:29.708000,1,264.7066666666674,0 days 00:01:04.373000,10545.0,168.0,4,3.0,true,0,car,3671.046666666668,0.7909575021056562,OnTrack,-225.3982983680059,2193.5542171667084,1876.364740939481,33,2026-07-14T15:14:26.335+05:30,BRAKING_EVENT
2026-06-14T13:49:00.873+05:30,0 days 01:39:14.108000,1,494.0519444444453,0 days 00:00:48.773000,11360.0,229.0,6,9.0,true,0,car,2813.070555555557,0.6060994212011814,OnTrack,-3504.0900397975456,-1338.1696760544094,1840.45898172594,33,2026-07-14T15:14:26.335+05:30,BRAKING_EVENT
2026-06-14T13:49:10.273+05:30,0 days 01:39:23.508000,1,250.95888888889067,0 days 00:00:58.173000,9488.0,127.0,3,0.0,true,0,car,3439.428333333333,0.7410534079848486,OnTrack,1413.8108985878687,1947.889577285329,1819.0232746496379,33,2026-07-14T15:14:26.335+05:30,BRAKING_EVENT
2026-06-14T13:48:21.830+05:30,0 days 01:38:35.065000,1,389.71139144888946,0 days 00:00:09.730000,10622.0715504,151.1124928,4,0.0,true,0,pos,801.2049900224824,0.17262627123130267,OnTrack,-3002.0,-6919.0,1624.0,33,2026-07-14T15:14:26.335+05:30,BRAKING_EVENT
2026-06-14T13:48:19.871+05:30,0 days 01:38:33.106000,1,392.5536098133338,0 days 00:00:07.771000,10201.066441955556,301.44999253333333,8,0.0,true,0,pos,693.9243233206373,0.14951176034011612,OnTrack,-2321.0,-6052.0,1639.0,33,2026-07-14T15:14:26.335+05:30,BRAKING_EVENT
2026-06-14T13:49:16.650+05:30,0 days 01:39:29.885000,1,267.6425000000007,0 days 00:01:04.550000,11537.923076923076,163.3230769230769,4,2.9692307692307693,true,0,pos,3679.083683392582,0.7926891441279796,OnTrack,-301.0,2166.0,1879.0,33,2026-07-14T15:14:26.335+05:30,BRAKING_EVENT
2026-06-14T13:49:27.830+05:30,0 days 01:39:41.065000,1,466.8547263822235,0 days 00:01:15.730000,10989.775837257142,237.89999725714284,6,13.275000685714286,true,0,pos,4253.391204771136,0.9164284707551007,OnTrack,2650.0,3052.0,1764.0,33,2026-07-14T15:14:26.335+05:30,BRAKING_EVENT
2026-06-14T13:48:21.290+05:30,0 days 01:38:34.525000,1,383.5024994311117,0 days 00:00:09.190000,10201.8872256,167.64583466666667,6,0.0,true,0,pos,777.8162857563796,0.1675869805919924,OnTrack,-2822.0,-6775.0,1628.0,33,2026-07-14T15:14:26.335+05:30,BRAKING_EVENT
2026-06-14T13:48:36.793+05:30,0 days 01:38:50.028000,1,363.1411111111131,0 days 00:00:24.693000,9661.0,162.0,4,0.0,true,0,car,1657.957777777778,0.3572207769558242,OnTrack,-5008.643581799431,-2926.4100549250693,1820.4984355620209,33,2026-07-14T15:14:26.335+05:30,BRAKING_EVENT
2026-06-14T13:48:53.072+05:30,0 days 01:39:06.307000,1,351.07805555555706,0 days 00:00:40.972000,11342.0,250.0,6,86.0,true,0,car,2421.6800000000003,0.5217710744708298,OnTrack,-2432.6146430494737,-4740.441478338784,1650.9981197360985,33,2026-07-14T15:14:26.335+05:30,BRAKING_EVENT
2026-06-14T13:48:54.313+05:30,0 days 01:39:07.548000,1,363.9466666666681,0 days 00:00:42.213000,10714.0,152.0,3,0.0,true,0,car,2485.405,0.5355011551258518,OnTrack,-2097.7726576553914,-4149.695654239229,1662.016282479744,33,2026-07-14T15:14:26.335+05:30,BRAKING_EVENT
2026-06-14T13:49:18.233+05:30,0 days 01:39:31.468000,1,309.65222222222246,0 days 00:01:06.133000,8559.0,118.0,3,0.0,true,0,car,3736.9894444444462,0.805165421407423,OnTrack,-873.6203131615619,2212.4994652156006,1905.842198234596,33,2026-07-14T15:14:26.335+05:30,BRAKING_EVENT
2026-06-14T13:48:36.710+05:30,0 days 01:38:49.945000,1,363.071944622968,0 days 00:00:24.610000,9860.685677071619,164.77823550708337,4,0.0,true,0,pos,1654.283870960259,0.35642920321045635,OnTrack,-5039.0,-2946.0,1820.0,33,2026-07-14T15:14:26.335+05:30,BRAKING_EVENT
2026-06-14T13:48:46.072+05:30,0 days 01:38:59.307000,1,355.61500000000115,0 days 00:00:33.972000,9486.0,108.0,2,0.0,true,0,car,2082.8022222222226,0.44875704197050026,OnTrack,-5218.006349283961,-5992.895751907132,1780.7543727076586,33,2026-07-14T15:14:26.335+05:30,BRAKING_EVENT
2026-06-14T13:48:46.271+05:30,0 days 01:38:59.506000,1,359.48444646036853,0 days 00:00:34.171000,9214.467148255133,104.90030991158827,2,0.0,true,0,pos,2088.531587434176,0.44999148130297884,OnTrack,-5195.0,-6066.0,1776.0,33,2026-07-14T15:14:26.335+05:30,BRAKING_EVENT
2026-06-14T13:48:37.050+05:30,0 days 01:38:50.285000,1,362.7127778085092,0 days 00:00:24.950000,10362.944547979088,152.74515301853128,4,0.0,true,0,pos,1668.695091374203,0.35953422037202165,OnTrack,-4910.0,-2877.0,1822.0,33,2026-07-14T15:14:26.335+05:30,BRAKING_EVENT
2026-06-14T13:48:35.233+05:30,0 days 01:38:48.468000,1,359.97194444444654,0 days 00:00:23.133000,10395.0,270.0,7,3.0,true,0,car,1572.8127777777777,0.33887557935093054,OnTrack,-5579.151798539554,-3612.869968481346,1810.5798814392124,33,2026-07-14T15:14:26.335+05:30,BRAKING_EVENT
2026-06-14T13:48:44.274+05:30,0 days 01:38:57.509000,1,304.63027777777916,0 days 00:00:32.174000,10377.0,171.0,5,0.0,true,0,car,2017.9538888888887,0.43478492981655087,OnTrack,-5051.246186132719,-5448.340502966222,1804.2012887287576,33,2026-07-14T15:14:26.335+05:30,BRAKING_EVENT
2026-06-14T13:48:45.672+05:30,0 days 01:38:58.907000,1,346.392777777779,0 days 00:00:33.572000,10247.0,117.0,2,0.0,true,0,car,2070.8022222222226,0.4461715422786954,OnTrack,-5227.045630748833,-5900.508157451539,1785.9793739675795,33,2026-07-14T15:14:26.335+05:30,BRAKING_EVENT
2026-06-14T13:49:08.954+05:30,0 days 01:39:22.189000,1,246.79416666666884,0 days 00:00:56.854000,8944.0,194.0,8,0.0,true,0,car,3383.9444444444434,0.7290989431829855,OnTrack,947.757213722743,1657.1523917459444,1825.2136879779534,33,2026-07-14T15:14:26.335+05:30,BRAKING_EVENT
2026-06-14T13:17:54.070+05:30,0 days 01:08:07.305000,63,111.93000647111062,0 days 00:00:35.450000,8780.9621856,99.0374944,2,0.1375008,true,0,pos,2096.6660052712796,0.4550354602214668,OnTrack,-5180.0,-6093.0,1774.0,11,2026-07-14T15:14:26.335+05:30,BRAKING_EVENT
2026-06-14T13:17:43.385+05:30,0 days 01:07:56.620000,63,139.50666666666666,0 days 00:00:24.765000,10105.0,198.0,7,0.0,true,0,car,1624.673333333333,0.35259978274280485,OnTrack,-5274.264118695572,-3178.8784418622654,1817.6789600442169,11,2026-07-14T15:14:26.335+05:30,BRAKING_EVENT
2026-06-14T13:18:16.529+05:30,0 days 01:08:29.764000,63,109.3444438240974,0 days 00:00:57.909000,10008.301585913057,226.909545838136,7,0.0,true,0,pos,3368.744632918802,0.7311122804275485,OnTrack,706.0,1560.0,1827.0,11,2026-07-14T15:14:26.335+05:30,BRAKING_EVENT
2026-06-14T13:17:27.270+05:30,0 days 01:07:40.505000,63,133.30638696888886,0 days 00:00:08.650000,9662.2665136,213.2187296,8,0.0,true,0,pos,749.955873836203,0.16276150580916918,OnTrack,-2621.0,-6536.0,1632.0,11,2026-07-14T15:14:26.335+05:30,BRAKING_EVENT
2026-06-14T13:17:28.625+05:30,0 days 01:07:41.860000,63,128.94083333333344,0 days 00:00:10.005000,8574.0,143.0,4,0.0,true,0,car,810.6622222222223,0.17593648985848748,OnTrack,-3073.5389964782535,-6956.576896647291,1623.773291318785,11,2026-07-14T15:14:26.335+05:30,BRAKING_EVENT
2026-06-14T13:18:25.630+05:30,0 days 01:08:38.865000,63,91.23722165333263,0 days 00:01:07.010000,9473.124784,132.9499968,3,5.0,true,0,pos,3715.8158995136682,0.8064365014182008,OnTrack,-606.0,2123.0,1893.0,11,2026-07-14T15:14:26.335+05:30,BRAKING_EVENT
2026-06-14T13:18:36.905+05:30,0 days 01:08:50.140000,63,213.81916666666802,0 days 00:01:18.285000,11008.0,181.0,4,21.0,true,0,car,4264.453611111108,0.9255063069875873,OnTrack,2619.281605046506,3084.2912172782967,1764.5941623249178,11,2026-07-14T15:14:26.335+05:30,BRAKING_EVENT
2026-06-14T13:18:43.369+05:30,0 days 01:08:56.604000,63,74.80289070378582,0 days 00:01:24.749000,9491.74931685806,76.06406701921925,1,58.504178717918,true,0,pos,4532.230635659075,0.9836214485006265,OnTrack,1791.0,669.0,1744.0,11,2026-07-14T15:14:26.335+05:30,BRAKING_EVENT
2026-06-14T13:17:53.626+05:30,0 days 01:08:06.861000,63,103.70333333333292,0 days 00:00:35.006000,9359.0,106.0,2,0.0,true,0,car,2084.211666666666,0.45233251865401813,OnTrack,-5222.198266427328,-5976.854663767939,1781.055855035996,11,2026-07-14T15:14:26.335+05:30,BRAKING_EVENT
2026-06-14T13:18:37.545+05:30,0 days 01:08:50.780000,63,230.93638888888927,0 days 00:01:18.925000,10389.0,168.0,4,38.0,true,0,car,4294.800555555553,0.9320924469816901,OnTrack,2807.2372552370293,2792.5958894490277,1753.109825756618,11,2026-07-14T15:14:26.335+05:30,BRAKING_EVENT
2026-06-14T13:18:02.586+05:30,0 days 01:08:15.821000,63,131.99361111110875,0 days 00:00:43.966000,9942.0,142.0,4,0.0,true,0,car,2517.403888888889,0.5463474078674982,OnTrack,-2084.8912133052636,-3974.30108578427,1664.4401645431267,11,2026-07-14T15:14:26.335+05:30,BRAKING_EVENT
2026-06-14T13:18:01.670+05:30,0 days 01:08:14.905000,63,125.9497219022205,0 days 00:00:43.050000,10760.555602488888,217.55552568888888,6,0.0,true,0,pos,2477.344366598269,0.5376533654611562,OnTrack,-2130.0,-4267.0,1661.0,11,2026-07-14T15:14:26.335+05:30,BRAKING_EVENT
2026-06-14T13:18:01.230+05:30,0 days 01:08:14.465000,63,132.85055135248828,0 days 00:00:42.610000,10730.0,238.93788578897323,6,0.0,false,0,pos,2449.61489257168,0.5316352901245669,OnTrack,-2312.0,-4565.0,1653.0,11,2026-07-14T15:14:26.335+05:30,THROTTLE_DROP
2026-06-14T13:17:51.346+05:30,0 days 01:08:04.581000,63,115.77750000000015,0 days 00:00:32.726000,10738.0,205.0,5,0.0,true,0,car,1996.8505555555548,0.4333727018305657,OnTrack,-4947.1641385191015,-5292.473314419996,1809.652426757501,11,2026-07-14T15:14:26.335+05:30,BRAKING_EVENT
2026-06-14T13:18:01.386+05:30,0 days 01:08:14.621000,63,129.4705555555538,0 days 00:00:42.766000,10730.0,237.0,6,0.0,true,0,car,2459.885277777778,0.53386425241382,OnTrack,-2255.192212485966,-4483.485295661471,1654.3060027944682,11,2026-07-14T15:14:26.335+05:30,BRAKING_EVENT
2026-06-14T13:18:02.709+05:30,0 days 01:08:15.944000,63,134.2144455999977,0 days 00:00:44.089000,9842.574948266667,138.9249984,4,0.0,true,0,pos,2522.1068949614146,0.5473680923862798,OnTrack,-2085.0,-3931.0,1666.0,11,2026-07-14T15:14:26.335+05:30,BRAKING_EVENT
2026-06-14T13:17:43.449+05:30,0 days 01:07:56.684000,63,138.75999999999993,0 days 00:00:24.829000,10090.28,193.84,7,0.0,true,0,pos,1628.046631344129,0.35333188323422676,OnTrack,-5246.0,-3143.0,1818.0,11,2026-07-14T15:14:26.335+05:30,BRAKING_EVENT
2026-06-14T13:18:41.345+05:30,0 days 01:08:54.580000,63,363.81888888888807,0 days 00:01:22.725000,10426.0,140.0,4,0.0,true,0,car,4481.896944444443,0.9726976226318841,OnTrack,2171.89991646457,1257.9301849003693,1744.0000000007144,11,2026-07-14T15:14:26.335+05:30,BRAKING_EVENT
2026-06-14T13:18:17.506+05:30,0 days 01:08:30.741000,63,86.70166666666546,0 days 00:00:58.886000,11087.0,154.0,4,0.0,true,0,car,3418.4141666666646,0.7418919654566,OnTrack,1168.4590102143993,1751.0828343009991,1822.2473761161243,11,2026-07-14T15:14:26.335+05:30,BRAKING_EVENT
2026-06-14T13:18:41.749+05:30,0 days 01:08:54.984000,63,386.44139256922114,0 days 00:01:23.129000,10220.867796179,114.94339504165231,3,0.0,true,0,pos,4495.468040531376,0.9756429319649402,OnTrack,2092.0,1135.0,1744.0,11,2026-07-14T15:14:26.335+05:30,BRAKING_EVENT
2026-06-14T13:18:17.770+05:30,0 days 01:08:31.005000,63,84.29055555555422,0 days 00:00:59.150000,10408.2,141.25714285714287,3,0.0,true,0,pos,3428.854220355361,0.7441577505759416,OnTrack,1310.0,1840.0,1821.0,11,2026-07-14T15:14:26.335+05:30,BRAKING_EVENT
2026-06-14T13:18:42.826+05:30,0 days 01:08:56.061000,63,458.17583333333096,0 days 00:01:24.206000,8767.0,72.0,1,6.0,true,0,car,4521.041666666666,0.981193127708443,OnTrack,1936.8645741807165,894.8745334579111,1743.9999999999998,11,2026-07-14T15:14:26.335+05:30,BRAKING_EVENT
2026-06-14T13:17:51.170+05:30,0 days 01:08:04.405000,63,121.35083333333358,0 days 00:00:32.550000,11460.333333333334,219.66666666666666,5,1.4666666666666666,true,0,pos,1986.9682489756885,0.4312279635120574,OnTrack,-4843.0,-5147.0,1814.0,11,2026-07-14T15:14:26.335+05:30,BRAKING_EVENT
2026-06-14T13:18:01.225+05:30,0 days 01:08:14.460000,63,132.9588888888875,0 days 00:00:42.605000,10730.0,239.0,6,0.0,false,0,car,2449.286111111111,0.5315639353056085,OnTrack,-2313.8241842860884,-4567.601573525683,1652.9595181477582,11,2026-07-14T15:14:26.335+05:30,THROTTLE_DROP
2026-06-14T13:18:25.946+05:30,0 days 01:08:39.181000,63,91.13500000000022,0 days 00:01:07.326000,8897.0,125.0,3,4.0,true,0,car,3726.9183333333303,0.808846041645403,OnTrack,-673.1292734099208,2129.5602729908637,1895.6232895878295,11,2026-07-14T15:14:26.335+05:30,BRAKING_EVENT
2026-06-14T13:48:43.793+05:30,0 days 01:38:57.028000,1,296.88694444444604,0 days 00:00:31.693000,10799.0,213.0,5,0.0,true,0,car,1993.943611111111,0.4296117160003348,OnTrack,-4920.763038537838,-5255.060199648648,1811.0735749134474,33,2026-07-14T15:14:26.335+05:30,BRAKING_EVENT
2026-06-14T13:49:27.313+05:30,0 days 01:39:40.548000,1,457.41972222222466,0 days 00:01:15.213000,11146.0,254.0,6,39.0,true,0,car,4218.51388888889,0.9089138632997236,OnTrack,2360.9637325885406,3311.685505273979,1777.617969303509,33,2026-07-14T15:14:26.335+05:30,BRAKING_EVENT
2026-06-14T13:48:19.552+05:30,0 days 01:38:32.787000,1,401.9777777777782,0 days 00:00:07.452000,10889.0,313.0,8,0.0,false,0,car,667.0352777777777,0.14371829209311696,OnTrack,-2231.997489407421,-5891.383356837806,1641.0084967439755,33,2026-07-14T15:14:26.335+05:30,THROTTLE_DROP
2026-06-14T13:48:20.491+05:30,0 days 01:38:33.726000,1,382.2313886577784,0 days 00:00:08.391000,9329.1281208,234.624992,8,0.0,true,0,pos,736.9627013500589,0.15878473643435367,OnTrack,-2580.0,-6478.0,1633.0,33,2026-07-14T15:14:26.335+05:30,BRAKING_EVENT
2026-06-14T13:49:11.030+05:30,0 days 01:39:24.265000,1,253.80277877333558,0 days 00:00:58.930000,9573.482897066666,108.73332906666667,2,0.0,true,0,pos,3463.214713382349,0.7461783811753391,OnTrack,1459.0,2187.0,1817.0,33,2026-07-14T15:14:26.335+05:30,BRAKING_EVENT
2026-06-14T13:48:45.290+05:30,0 days 01:38:58.525000,1,334.4988865471443,0 days 00:00:33.190000,10588.723075734108,127.67924661967432,3,0.0,true,0,pos,2058.0754422769564,0.4434294518098492,OnTrack,-5204.0,-5766.0,1791.0,33,2026-07-14T15:14:26.335+05:30,BRAKING_EVENT
2026-06-14T13:48:45.432+05:30,0 days 01:38:58.667000,1,339.19277777777916,0 days 00:00:33.332000,10979.0,125.0,2,0.0,true,0,car,2063.0022222222224,0.4444909674790222,OnTrack,-5217.405698541759,-5822.58339542548,1788.7148606390822,33,2026-07-14T15:14:26.335+05:30,BRAKING_EVENT
2026-06-14T13:49:10.130+05:30,0 days 01:39:23.365000,1,250.44249993496595,0 days 00:00:58.030000,9497.341709719249,132.74874444261485,3,0.0,true,0,pos,3434.4278798804294,0.7399760187464015,OnTrack,1386.0,1912.0,1819.0,33,2026-07-14T15:14:26.335+05:30,BRAKING_EVENT
2026-06-14T13:48:36.113+05:30,0 days 01:38:49.348000,1,361.96194444444654,0 days 00:00:24.013000,9972.0,199.0,7,0.0,true,0,car,1626.3777777777777,0.3504166036002244,OnTrack,-5244.564562922711,-3143.6697973127775,1817.686082890278,33,2026-07-14T15:14:26.335+05:30,BRAKING_EVENT
2026-06-14T13:49:09.130+05:30,0 days 01:39:22.365000,1,247.10166650666915,0 days 00:00:57.030000,9393.9780272,184.937504,8,0.0,true,0,pos,3393.0026681198924,0.7310506127264168,OnTrack,1036.0,1693.0,1824.0,33,2026-07-14T15:14:26.335+05:30,BRAKING_EVENT
2026-06-14T13:49:09.673+05:30,0 days 01:39:22.908000,1,248.79250000000275,0 days 00:00:57.573000,10637.0,151.0,4,0.0,true,0,car,3416.9816666666657,0.7362170871724558,OnTrack,1291.680645711011,1822.8384535546616,1820.7956627019234,33,2026-07-14T15:14:26.335+05:30,BRAKING_EVENT
2026-06-14T13:48:54.673+05:30,0 days 01:39:07.908000,1,370.24666666666826,0 days 00:00:42.573000,10043.0,141.0,3,0.0,true,0,car,2499.505,0.5385391172637225,OnTrack,-2083.4239780133494,-3988.1237714501717,1665.1589724038397,33,2026-07-14T15:14:26.335+05:30,BRAKING_EVENT
2026-06-14T13:48:53.751+05:30,0 days 01:39:06.986000,1,355.5183341155576,0 days 00:00:41.651000,10928.0813088,185.0437472,6,0.0,true,0,pos,2460.6647020788496,0.5301706524049938,OnTrack,-2190.0,-4381.0,1656.0,33,2026-07-14T15:14:26.335+05:30,BRAKING_EVENT
2026-06-14T13:49:08.550+05:30,0 days 01:39:21.785000,1,248.65166492121463,0 days 00:00:56.450000,9244.63557644929,261.9090325448963,8,0.6363629068112037,true,0,pos,3362.040424585044,0.7243795401333384,OnTrack,748.0,1577.0,1827.0,33,2026-07-14T15:14:26.335+05:30,BRAKING_EVENT
2026-06-14T13:48:36.870+05:30,0 days 01:38:50.105000,1,363.0127774350281,0 days 00:00:24.770000,9871.310811002471,159.22713940868954,4,0.0,true,0,pos,1661.271049211454,0.3579346488117105,OnTrack,-4979.0,-2909.0,1821.0,33,2026-07-14T15:14:26.335+05:30,BRAKING_EVENT
2026-06-14T13:49:10.550+05:30,0 days 01:39:23.785000,1,252.03611207255312,0 days 00:00:58.450000,10332.807607587809,119.23363792820196,3,0.0,true,0,pos,3448.554252149159,0.7430196630086616,OnTrack,1460.0,2074.0,1818.0,33,2026-07-14T15:14:26.335+05:30,BRAKING_EVENT
2026-06-14T13:49:17.430+05:30,0 days 01:39:30.665000,1,286.9525066133338,0 days 00:01:05.330000,9621.1137664,136.0857088,3,2.9857152,true,0,pos,3709.322931805834,0.799204441415719,OnTrack,-615.0,2123.0,1893.0,33,2026-07-14T15:14:26.335+05:30,BRAKING_EVENT
2026-06-14T13:48:54.310+05:30,0 days 01:39:07.545000,1,363.89833641895456,0 days 00:00:42.210000,10716.70805653196,152.19450129787552,6,0.0,true,0,pos,2485.2847282245693,0.5354752415726594,OnTrack,-2098.0,-4151.0,1662.0,33,2026-07-14T15:14:26.335+05:30,BRAKING_EVENT
2026-06-14T13:49:17.630+05:30,0 days 01:39:30.865000,1,292.44584037333374,0 days 00:01:05.530000,9280.616232533333,130.28332586666667,3,2.1833322666666666,true,0,pos,3716.5074976832084,0.800752415820861,OnTrack,-688.0,2132.0,1897.0,33,2026-07-14T15:14:26.335+05:30,BRAKING_EVENT
2026-06-14T13:48:53.273+05:30,0 days 01:39:06.508000,1,350.2963888888903,0 days 00:00:41.173000,11342.0,250.0,6,86.0,true,0,car,2435.638333333334,0.52477851334845,OnTrack,-2351.746778844995,-4622.04974792491,1651.1760141699742,33,2026-07-14T15:14:26.335+05:30,BRAKING_EVENT
2026-06-14T13:49:08.110+05:30,0 days 01:39:21.345000,1,259.98666026666876,0 days 00:00:56.010000,9973.541141333333,294.0749952,8,0.0,false,0,pos,3328.1382097003097,0.7170750262886735,OnTrack,413.0,1428.0,1831.0,33,2026-07-14T15:14:26.335+05:30,THROTTLE_DROP
2026-06-14T13:48:43.954+05:30,0 days 01:38:57.189000,1,298.4969444444457,0 days 00:00:31.854000,10184.0,197.0,5,0.0,true,0,car,2002.7538888888887,0.4315099635402647,OnTrack,-4956.656292891563,-5306.926639424291,1809.1898694676781,33,2026-07-14T15:14:26.335+05:30,BRAKING_EVENT
2026-06-14T13:48:53.912+05:30,0 days 01:39:07.147000,1,357.48611111111313,0 days 00:00:41.812000,11076.0,178.0,6,0.0,true,0,car,2468.4738888888887,0.5318532065792108,OnTrack,-2152.444008020092,-4315.952601192359,1659.024290505103,33,2026-07-14T15:14:26.335+05:30,BRAKING_EVENT
2026-06-14T13:48:45.670+05:30,0 days 01:38:58.905000,1,346.33278161777895,0 days 00:00:33.570000,10253.0996096,117.0666624,2,0.0,true,0,pos,2070.7394641724836,0.44615802053550724,OnTrack,-5227.0,-5900.0,1786.0,33,2026-07-14T15:14:26.335+05:30,BRAKING_EVENT
2026-06-14T13:49:08.250+05:30,0 days 01:39:21.485000,1,255.34833518859293,0 days 00:00:56.150000,9637.0,291.0,8,0.08457682294983417,true,0,pos,3339.573814559416,0.7195389223585751,OnTrack,515.0,1477.0,1830.0,33,2026-07-14T15:14:26.335+05:30,BRAKING_EVENT
2026-06-14T13:48:21.490+05:30,0 days 01:38:34.725000,1,385.28027720888946,0 days 00:00:09.390000,11059.3872256,163.479168,6,0.0,true,0,pos,786.8893674793164,0.16954185142519018,OnTrack,-2888.0,-6836.0,1626.0,33,2026-07-14T15:14:26.335+05:30,BRAKING_EVENT
2026-06-14T13:49:08.434+05:30,0 days 01:39:21.669000,1,249.5216666666688,0 days 00:00:56.334000,9637.0,291.0,8,1.0,true,0,car,3354.4158333333326,0.7227367586057186,OnTrack,665.159838357833,1542.5721487167793,1828.0371342561318,33,2026-07-14T15:14:26.335+05:30,BRAKING_EVENT
2026-06-14T13:17:44.506+05:30,0 days 01:07:57.741000,63,139.1191666666664,0 days 00:00:25.886000,8878.0,146.0,4,0.0,true,0,car,1673.7047222222218,0.3632409723992692,OnTrack,-4892.8182835523485,-2870.7516430761784,1822.7219204939474,11,2026-07-14T15:14:26.335+05:30,BRAKING_EVENT
2026-06-14T13:17:51.106+05:30,0 days 01:08:04.341000,63,123.37750000000028,0 days 00:00:32.486000,11723.0,225.0,5,2.0,true,0,car,1983.183888888888,0.4304066509952275,OnTrack,-4813.680332965073,-5106.482911359795,1814.9524111053186,11,2026-07-14T15:14:26.335+05:30,BRAKING_EVENT
2026-06-14T13:18:17.706+05:30,0 days 01:08:30.941000,63,84.6461111111098,0 days 00:00:59.086000,10685.0,144.0,3,0.0,true,0,car,3426.4141666666646,0.7436281903358224,OnTrack,1277.9043082608405,1818.8727913726605,1821.3520981590054,11,2026-07-14T15:14:26.335+05:30,BRAKING_EVENT
2026-06-14T13:18:43.066+05:30,0 days 01:08:56.301000,63,475.30916666666326,0 days 00:01:24.446000,9090.0,71.0,1,45.0,true,0,car,4525.775,0.9822203940953164,OnTrack,1924.6531042387064,876.664324279968,1744.0000000000005,11,2026-07-14T15:14:26.335+05:30,BRAKING_EVENT
2026-06-14T13:17:28.385+05:30,0 days 01:07:41.620000,63,128.2741666666667,0 days 00:00:09.765000,9058.0,150.0,4,0.0,true,0,car,801.128888888889,0.17386748854408085,OnTrack,-2991.517754345246,-6912.691060337426,1623.9496769895359,11,2026-07-14T15:14:26.335+05:30,BRAKING_EVENT
2026-06-14T13:17:53.825+05:30,0 days 01:08:07.060000,63,106.90944444444403,0 days 00:00:35.205000,9107.0,103.0,2,0.0,true,0,car,2089.905277777777,0.4535681923119841,OnTrack,-5208.376940998349,-6030.829055714882,1778.4942095650076,11,2026-07-14T15:14:26.335+05:30,BRAKING_EVENT
2026-06-14T13:18:01.430+05:30,0 days 01:08:14.665000,63,128.55388392452855,0 days 00:00:42.810000,10730.0,237.0,6,0.0,true,0,pos,2462.831026608229,0.5345035627147412,OnTrack,-2237.0,-4455.0,1655.0,11,2026-07-14T15:14:26.335+05:30,BRAKING_EVENT
2026-06-14T13:18:41.905+05:30,0 days 01:08:55.140000,63,395.584722222221,0 days 00:01:23.285000,9902.0,112.0,2,0.0,true,0,car,4500.319999999999,0.9766959435577405,OnTrack,2049.446820514406,1069.9555207211235,1744.000000000007,11,2026-07-14T15:14:26.335+05:30,BRAKING_EVENT
2026-06-14T13:18:36.705+05:30,0 days 01:08:49.940000,63,209.54138888888974,0 days 00:01:18.085000,11577.0,189.0,5,13.0,true,0,car,4254.398055555553,0.9233239687713425,OnTrack,2561.1084371807056,3145.661548704218,1767.8201167355148,11,2026-07-14T15:14:26.335+05:30,BRAKING_EVENT
2026-06-14T13:18:18.906+05:30,0 days 01:08:32.141000,63,86.49527777777575,0 days 00:01:00.286000,7678.0,109.0,3,0.0,true,0,car,3465.6786111111096,0.7521496784999835,OnTrack,1462.3999680941129,2126.1408337655184,1817.0142381531298,11,2026-07-14T15:14:26.335+05:30,BRAKING_EVENT
2026-06-14T13:18:42.586+05:30,0 days 01:08:55.821000,63,441.17583333333187,0 days 00:01:23.966000,9728.0,78.0,1,0.0,true,0,car,4516.241666666666,0.9801513927809096,OnTrack,1963.3921918371484,936.2469165930275,1744.0,11,2026-07-14T15:14:26.335+05:30,BRAKING_EVENT
2026-06-14T13:17:28.130+05:30,0 days 01:07:41.365000,63,128.22166666666666,0 days 00:00:09.510000,9528.2,156.74285714285713,5,0.0,true,0,pos,790.4503485141992,0.17154994511004126,OnTrack,-2906.0,-6851.0,1625.0,11,2026-07-14T15:14:26.335+05:30,BRAKING_EVENT
2026-06-14T13:17:29.090+05:30,0 days 01:07:42.325000,63,134.54222141383713,0 days 00:00:10.470000,9191.000958094199,134.6906826322802,4,8.909700605399461,true,0,pos,827.9890850405212,0.17969690614648787,OnTrack,-3270.0,-6995.0,1624.0,11,2026-07-14T15:14:26.335+05:30,BRAKING_EVENT
2026-06-14T13:18:17.305+05:30,0 days 01:08:30.540000,63,89.49333333333198,0 days 00:00:58.685000,10883.0,163.0,5,0.0,true,0,car,3409.8158333333313,0.7400258854249525,OnTrack,1098.7723881028835,1719.7849784903324,1822.7190837648086,11,2026-07-14T15:14:26.335+05:30,BRAKING_EVENT
2026-06-14T13:17:26.106+05:30,0 days 01:07:39.341000,63,172.51777777777784,0 days 00:00:07.486000,10995.0,317.0,8,2.0,true,0,car,667.5247222222222,0.1448716287772763,OnTrack,-2177.4413444677875,-5793.51078239506,1641.5428982891356,11,2026-07-14T15:14:26.335+05:30,BRAKING_EVENT
2026-06-14T13:17:52.030+05:30,0 days 01:08:05.265000,63,101.64277486222254,0 days 00:00:33.410000,10562.0499712,157.6166528,4,0.0,true,0,pos,2029.6416481765818,0.4404892906837547,OnTrack,-5096.0,-5523.0,1801.0,11,2026-07-14T15:14:26.335+05:30,BRAKING_EVENT
2026-06-14T13:18:37.745+05:30,0 days 01:08:50.980000,63,236.8808333333336,0 days 00:01:19.125000,10306.0,166.0,4,39.0,true,0,car,4304.022777777775,0.9340939284396828,OnTrack,2838.5281606569397,2711.4049991867696,1750.3896986212883,11,2026-07-14T15:14:26.335+05:30,BRAKING_EVENT
2026-06-14T13:17:52.630+05:30,0 days 01:08:05.865000,63,96.75166716444471,0 days 00:00:34.010000,10170.367010133334,132.8555463111111,3,0.0,true,0,pos,2052.839848686171,0.44552395229349684,OnTrack,-5168.0,-5668.0,1796.0,11,2026-07-14T15:14:26.335+05:30,BRAKING_EVENT
2026-06-14T13:17:54.026+05:30,0 days 01:08:07.261000,63,110.81777777777734,0 days 00:00:35.406000,8835.0,100.0,2,0.0,true,0,car,2095.4886111111105,0.4547799325922747,OnTrack,-5188.603132633937,-6079.666631759483,1774.882241781357,11,2026-07-14T15:14:26.335+05:30,BRAKING_EVENT
2026-06-14T13:17:43.585+05:30,0 days 01:07:56.820000,63,137.17333333333318,0 days 00:00:24.965000,10059.0,185.0,5,0.0,true,0,car,1634.9511111111108,0.3548303494279169,OnTrack,-5191.416148700818,-3077.3578394828323,1818.5676850654975,11,2026-07-14T15:14:26.335+05:30,BRAKING_EVENT
2026-06-14T13:17:52.850+05:30,0 days 01:08:06.085000,63,97.1794444444446,0 days 00:00:34.230000,10465.533333333333,124.91111111111111,3,0.0,true,0,pos,2060.2658404498534,0.4471356012501226,OnTrack,-5209.0,-5785.0,1791.0,11,2026-07-14T15:14:26.335+05:30,BRAKING_EVENT
2026-06-14T13:17:52.330+05:30,0 days 01:08:05.565000,63,98.51500000000027,0 days 00:00:33.710000,10179.64,142.84,4,0.0,true,0,pos,2041.6429952565911,0.44309392035681644,OnTrack,-5119.0,-5567.0,1800.0,11,2026-07-14T15:14:26.335+05:30,BRAKING_EVENT
2026-06-14T13:17:44.790+05:30,0 days 01:07:58.025000,63,141.13000191999976,0 days 00:00:26.170000,8396.22478592,141.02499328,4,0.42500096,true,0,pos,1684.9462945982664,0.3656807096043776,OnTrack,-4784.0,-2844.0,1824.0,11,2026-07-14T15:14:26.335+05:30,BRAKING_EVENT
2026-06-14T13:18:08.945+05:30,0 days 01:08:22.180000,63,191.38638888888636,0 days 00:00:50.325000,11211.0,217.0,5,8.0,true,0,car,2843.3755555555554,0.6170924225660284,OnTrack,-3507.9934083622175,-1238.5072393508408,1843.9050188300764,11,2026-07-14T15:14:26.335+05:30,BRAKING_EVENT
2026-06-14T13:17:51.810+05:30,0 days 01:08:05.045000,63,104.97944519745549,0 days 00:00:33.190000,10789.008357711764,170.95435975551462,4,0.0,true,0,pos,2020.0661540361243,0.4384111392890659,OnTrack,-5043.0,-5436.0,1805.0,11,2026-07-14T15:14:26.335+05:30,BRAKING_EVENT
2026-06-14T13:48:53.592+05:30,0 days 01:39:06.827000,1,353.5750000000021,0 days 00:00:41.492000,10782.0,192.0,6,0.0,true,0,car,2452.6516666666666,0.5284441773559422,OnTrack,-2219.23017700751,-4428.189193546396,1654.8685562812682,33,2026-07-14T15:14:26.335+05:30,BRAKING_EVENT
2026-06-14T13:48:35.913+05:30,0 days 01:38:49.148000,1,360.96194444444654,0 days 00:00:23.813000,9330.0,213.0,7,0.0,true,0,car,1615.322222222222,0.3480345923100894,OnTrack,-5322.142815306173,-3240.7767180602855,1816.5973161811185,33,2026-07-14T15:14:26.335+05:30,BRAKING_EVENT
2026-06-14T13:48:20.031+05:30,0 days 01:38:33.266000,1,389.3091653688894,0 days 00:00:07.931000,9639.288664177779,282.78332586666664,8,0.0,true,0,pos,705.8636843685496,0.1520841948659264,OnTrack,-2385.0,-6166.0,1637.0,33,2026-07-14T15:14:26.335+05:30,BRAKING_EVENT
2026-06-14T13:49:17.674+05:30,0 days 01:39:30.909000,1,293.6558333333337,0 days 00:01:05.574000,9206.0,129.0,3,2.0,true,0,car,3718.0700000000015,0.801089069925737,OnTrack,-703.4274420142782,2135.217615057963,1897.7464097126751,33,2026-07-14T15:14:26.335+05:30,BRAKING_EVENT
2026-06-14T13:48:35.790+05:30,0 days 01:38:49.025000,1,360.3469454941047,0 days 00:00:23.690000,9398.644529764806,222.5261796408303,7,0.0,true,0,pos,1608.330058964559,0.34652807264777796,OnTrack,-5365.0,-3300.0,1816.0,33,2026-07-14T15:14:26.335+05:30,BRAKING_EVENT
2026-06-14T13:49:11.194+05:30,0 days 01:39:24.429000,1,254.44055555555815,0 days 00:00:59.094000,9294.0,106.0,2,0.0,true,0,car,3468.016666666666,0.7472130019033942,OnTrack,1450.7623066752574,2233.8235290231187,1817.1899189152582,33,2026-07-14T15:14:26.335+05:30,BRAKING_EVENT
2026-06-14T13:48:53.251+05:30,0 days 01:39:06.486000,1,350.38194397390953,0 days 00:00:41.151000,11342.0,250.0,6,86.0,true,0,pos,2434.223984928969,0.5244737802348175,OnTrack,-2362.0,-4637.0,1651.0,33,2026-07-14T15:14:26.335+05:30,BRAKING_EVENT
2026-06-14T13:48:19.832+05:30,0 days 01:38:33.067000,1,393.3444444444449,0 days 00:00:07.732000,10338.0,306.0,8,0.0,true,0,car,690.8352777777777,0.14884619981519656,OnTrack,-2307.4765183192703,-6027.629404684726,1639.3885390744301,33,2026-07-14T15:14:26.335+05:30,BRAKING_EVENT
2026-06-14T13:48:53.471+05:30,0 days 01:39:06.706000,1,352.33138979617024,0 days 00:00:41.371000,10994.41363813645,213.9999839498465,6,32.62066585666892,true,0,pos,2446.5906218287,0.5271382748925606,OnTrack,-2254.0,-4480.0,1654.0,33,2026-07-14T15:14:26.335+05:30,BRAKING_EVENT
2026-06-14T13:49:10.810+05:30,0 days 01:39:24.045000,1,252.98722222222423,0 days 00:00:58.710000,10008.6,113.2,2,0.0,true,0,pos,3456.617173472723,0.7447568863917551,OnTrack,1464.0,2119.0,1817.0,33,2026-07-14T15:14:26.335+05:30,BRAKING_EVENT
2026-06-14T13:49:18.250+05:30,0 days 01:39:31.485000,1,310.19999793777805,0 days 00:01:06.150000,8536.970916266666,117.71666773333334,3,0.0,true,0,pos,3737.538590734818,0.805283739537799,OnTrack,-878.0,2216.0,1906.0,33,2026-07-14T15:14:26.335+05:30,BRAKING_EVENT
2026-06-14T13:48:22.073+05:30,0 days 01:38:35.308000,1,393.6180555555562,0 days 00:00:09.973000,10096.0,143.0,3,0.0,true,0,car,810.8597222222221,0.17470646349187646,OnTrack,-3086.1988420467314,-6961.85514750163,1624.7223663015766,33,2026-07-14T15:14:26.335+05:30,BRAKING_EVENT
2026-06-14T13:49:01.270+05:30,0 days 01:39:14.505000,1,498.5108352533345,0 days 00:00:49.170000,11199.6778736,218.593744,6,12.9625024,true,0,pos,2837.3944823918987,0.6113402133127519,OnTrack,-3494.0,-1051.0,1851.0,33,2026-07-14T15:14:26.335+05:30,BRAKING_EVENT
2026-06-14T13:49:08.830+05:30,0 days 01:39:22.065000,1,247.00083297247306,0 days 00:00:56.730000,8705.87106256591,204.4875438766309,8,0.0,true,0,pos,3377.283511581464,0.7276637898609549,OnTrack,885.0,1632.0,1826.0,33,2026-07-14T15:14:26.335+05:30,BRAKING_EVENT
2026-06-14T13:49:11.370+05:30,0 days 01:39:24.605000,1,255.17388865304585,0 days 00:00:59.270000,9059.628216079367,101.57789086942203,2,0.0,true,0,pos,3472.965499860545,0.7482792691281916,OnTrack,1433.0,2286.0,1818.0,33,2026-07-14T15:14:26.335+05:30,BRAKING_EVENT
2026-06-14T13:48:21.051+05:30,0 days 01:38:34.286000,1,381.80972270170656,0 days 00:00:08.951000,10442.194923338071,184.58090770613316,8,0.0,true,0,pos,766.7153059821842,0.1651951822765829,OnTrack,-2743.0,-6690.0,1630.0,33,2026-07-14T15:14:26.335+05:30,BRAKING_EVENT
2026-06-14T13:48:21.990+05:30,0 days 01:38:35.225000,1,392.2808364266673,0 days 00:00:09.890000,10276.178749866667,145.76666026666666,3,0.0,true,0,pos,807.5881095364742,0.17400156735931765,OnTrack,-3058.0,-6949.0,1625.0,33,2026-07-14T15:14:26.335+05:30,BRAKING_EVENT
2026-06-14T13:48:55.150+05:30,0 days 01:39:08.385000,1,379.05500373333507,0 days 00:00:43.050000,9451.17979648,131.0749952,3,4.9250048,true,0,pos,2517.252334734527,0.5423629279709288,OnTrack,-2092.0,-3856.0,1671.0,33,2026-07-14T15:14:26.335+05:30,BRAKING_EVENT
2026-06-14T13:49:18.010+05:30,0 days 01:39:31.245000,1,303.0483301461293,0 days 00:01:05.910000,8768.355827051158,122.55648815223748,3,0.25941469203958045,true,0,pos,3729.657498313604,0.8035856927022876,OnTrack,-812.0,2173.0,1903.0,33,2026-07-14T15:14:26.335+05:30,BRAKING_EVENT
2026-06-14T13:48:37.394+05:30,0 days 01:38:50.629000,1,361.8727777777799,0 days 00:00:25.294000,10170.0,143.0,3,0.0,true,0,car,1682.4325,0.3624940591860379,OnTrack,-4777.564999602331,-2841.8405598326267,1823.680979437205,33,2026-07-14T15:14:26.335+05:30,BRAKING_EVENT
2026-06-14T13:49:16.150+05:30,0 days 01:39:29.385000,1,260.48972472888977,0 days 00:01:04.050000,11191.89683768889,179.66388195555555,4,60.42218808888889,true,0,pos,3656.0405384167616,0.7877243071085465,OnTrack,-85.0,2263.0,1871.0,33,2026-07-14T15:14:26.335+05:30,BRAKING_EVENT
2026-06-14T13:48:44.912+05:30,0 days 01:38:58.147000,1,321.5025000000019,0 days 00:00:32.812000,9966.0,141.0,3,0.0,true,0,car,2044.645833333333,0.44053593099444943,OnTrack,-5145.602550728424,-5617.5131053120285,1798.2824346126758,33,2026-07-14T15:14:26.335+05:30,BRAKING_EVENT
2026-06-14T13:48:36.554+05:30,0 days 01:38:49.789000,1,362.94194444444634,0 days 00:00:24.454000,10236.0,170.0,4,0.0,true,0,car,1647.2027777777778,0.35490352285704413,OnTrack,-5085.899494003754,-2979.727637592132,1819.460007044379,33,2026-07-14T15:14:26.335+05:30,BRAKING_EVENT
2026-06-14T13:48:35.990+05:30,0 days 01:38:49.225000,1,361.34694540444656,0 days 00:00:23.890000,9577.17061632,207.60998656,7,0.0,true,0,pos,1619.6574653581667,0.34896865645941305,OnTrack,-5294.0,-3204.0,1817.0,33,2026-07-14T15:14:26.335+05:30,BRAKING_EVENT
2026-06-14T13:49:01.033+05:30,0 days 01:39:14.268000,1,496.1408333333343,0 days 00:00:48.933000,11510.0,226.0,6,10.0,true,0,car,2823.115000000001,0.6082635802024698,OnTrack,-3506.6983793382688,-1228.2009759185835,1844.6958015954476,33,2026-07-14T15:14:26.335+05:30,BRAKING_EVENT
2026-06-14T13:18:01.905+05:30,0 days 01:08:15.140000,63,125.55805555555389,0 days 00:00:43.285000,10818.0,181.0,6,0.0,true,0,car,2488.4527777777776,0.5400642029434679,OnTrack,-2104.0339578878366,-4194.970534841529,1662.1310451815157,11,2026-07-14T15:14:26.335+05:30,BRAKING_EVENT
2026-06-14T13:18:18.465+05:30,0 days 01:08:31.700000,63,84.02194444444285,0 days 00:00:59.845000,8446.0,117.0,3,0.0,true,0,car,3452.2483333333316,0.7492349306984029,OnTrack,1449.5714181295455,2023.4730965768292,1817.7481790296354,11,2026-07-14T15:14:26.335+05:30,BRAKING_EVENT
2026-06-14T13:18:25.225+05:30,0 days 01:08:38.460000,63,92.67222222222154,0 days 00:01:06.605000,10424.0,147.0,4,2.0,true,0,car,3700.7699999999977,0.8031711182849616,OnTrack,-395.48784964865365,2139.7525566558347,1882.1053619229347,11,2026-07-14T15:14:26.335+05:30,BRAKING_EVENT
2026-06-14T13:17:42.426+05:30,0 days 01:07:55.661000,63,163.47416666666663,0 days 00:00:23.806000,10751.0,272.0,7,82.0,true,0,car,1564.8330555555551,0.3396127603606356,OnTrack,-5610.623366130015,-3657.2828634548473,1810.0942341704324,11,2026-07-14T15:14:26.335+05:30,BRAKING_EVENT
2026-06-14T13:18:25.410+05:30,0 days 01:08:38.645000,63,91.9527778832253,0 days 00:01:06.790000,9916.83496530043,139.50778926011998,4,3.728971709203082,true,0,pos,3707.732547004553,0.8046821867014695,OnTrack,-473.0,2128.0,1886.0,11,2026-07-14T15:14:26.335+05:30,BRAKING_EVENT
2026-06-14T13:18:41.250+05:30,0 days 01:08:54.485000,63,359.0424953863802,0 days 00:01:22.630000,10337.506763837593,148.2420170935575,5,0.0,true,0,pos,4478.46794165805,0.9719534326383018,OnTrack,2193.0,1290.0,1744.0,11,2026-07-14T15:14:26.335+05:30,BRAKING_EVENT
2026-06-14T13:18:40.970+05:30,0 days 01:08:54.205000,63,344.96471349454697,0 days 00:01:22.350000,10076.684769807422,172.5342616355833,5,0.0,true,0,pos,4467.70967882337,0.9696185871894537,OnTrack,2257.0,1389.0,1744.0,11,2026-07-14T15:14:26.335+05:30,BRAKING_EVENT
2026-06-14T13:17:27.225+05:30,0 days 01:07:40.460000,63,133.75638888888886,0 days 00:00:08.605000,9454.0,218.0,8,0.0,true,0,car,747.458888888889,0.1622195898855979,OnTrack,-2611.764296826826,-6523.6135532393555,1632.1703618609615,11,2026-07-14T15:14:26.335+05:30,BRAKING_EVENT
2026-06-14T13:17:44.705+05:30,0 days 01:07:57.940000,63,140.27999999999975,0 days 00:00:26.085000,8491.0,144.0,4,0.0,true,0,car,1681.6647222222218,0.3649685161540955,OnTrack,-4816.387058610124,-2849.6820609877977,1823.6322964732333,11,2026-07-14T15:14:26.335+05:30,BRAKING_EVENT
2026-06-14T13:18:16.369+05:30,0 days 01:08:29.604000,63,114.94999743999907,0 days 00:00:57.749000,9453.331889371428,243.76070765714286,7,0.060714057142857124,true,0,pos,3358.887538893856,0.7289730139421803,OnTrack,605.0,1518.0,1829.0,11,2026-07-14T15:14:26.335+05:30,BRAKING_EVENT
2026-06-14T13:18:42.289+05:30,0 days 01:08:55.524000,63,420.7158344767837,0 days 00:01:23.669000,9830.209470597023,89.10972506489378,2,0.0,true,0,pos,4509.945424027912,0.9787849311415314,OnTrack,2006.0,1004.0,1744.0,11,2026-07-14T15:14:26.335+05:30,BRAKING_EVENT
2026-06-14T13:18:35.986+05:30,0 days 01:08:49.221000,63,199.3536111111107,0 days 00:01:17.366000,10014.0,229.0,6,8.0,true,0,car,4215.065277777776,0.914787650353005,OnTrack,2229.1164356761947,3402.409152611594,1785.7943133755216,11,2026-07-14T15:14:26.335+05:30,BRAKING_EVENT
2026-06-14T13:18:00.866+05:30,0 days 01:08:14.101000,63,141.7344444444425,0 days 00:00:42.246000,10951.0,242.0,6,0.0,false,0,car,2425.4525000000003,0.526391371734006,OnTrack,-2453.0130137682177,-4768.8502658988655,1650.9128621781413,11,2026-07-14T15:14:26.335+05:30,THROTTLE_DROP
2026-06-14T13:18:40.746+05:30,0 days 01:08:53.981000,63,335.5361111111097,0 days 00:01:22.126000,10298.0,187.0,5,1.0,true,0,car,4456.903055555555,0.9672732461672082,OnTrack,2322.0842642314374,1489.3561586644582,1744.0000000221416,11,2026-07-14T15:14:26.335+05:30,BRAKING_EVENT
2026-06-14T13:18:18.870+05:30,0 days 01:08:32.105000,63,86.25527938903946,0 days 00:01:00.250000,7722.272994692371,109.2236009832948,3,0.0,true,0,pos,3464.6031121455176,0.7519162649922786,OnTrack,1463.0,2118.0,1817.0,11,2026-07-14T15:14:26.335+05:30,BRAKING_EVENT
2026-06-14T13:17:51.330+05:30,0 days 01:08:04.565000,63,116.28416666666682,0 days 00:00:32.710000,10803.666666666666,206.33333333333334,5,0.1333333333333333,true,0,pos,1995.9753130013576,0.4331827495933218,OnTrack,-4939.0,-5281.0,1810.0,11,2026-07-14T15:14:26.335+05:30,BRAKING_EVENT
2026-06-14T13:18:16.585+05:30,0 days 01:08:29.820000,63,107.41555555555442,0 days 00:00:57.965000,10252.0,221.0,7,0.0,true,0,car,3372.182499999998,0.7318583942222774,OnTrack,739.1523578692078,1573.4464004741913,1826.5763070752614,11,2026-07-14T15:14:26.335+05:30,BRAKING_EVENT
2026-06-14T13:17:27.946+05:30,0 days 01:07:41.181000,63,128.375,0 days 00:00:09.326000,10002.0,162.0,5,0.0,true,0,car,782.5261111111113,0.16983016284402805,OnTrack,-2845.140444722362,-6797.552476115683,1627.2091616009807,11,2026-07-14T15:14:26.335+05:30,BRAKING_EVENT
2026-06-14T13:18:01.990+05:30,0 days 01:08:15.225000,63,125.79416719999818,0 days 00:00:43.370000,10319.04887296,176.32498944,6,0.0,true,0,pos,2492.539067052552,0.5409510425812882,OnTrack,-2102.0,-4178.0,1662.0,11,2026-07-14T15:14:26.335+05:30,BRAKING_EVENT
2026-06-14T13:17:27.785+05:30,0 days 01:07:41.020000,63,128.9563888888889,0 days 00:00:09.165000,10380.0,172.0,7,0.0,true,0,car,775.2811111111112,0.16825779418778228,OnTrack,-2792.8943423173664,-6744.533108180652,1628.1986936713088,11,2026-07-14T15:14:26.335+05:30,BRAKING_EVENT
2026-06-14T13:18:24.985+05:30,0 days 01:08:38.220000,63,94.8055555555552,0 days 00:01:06.365000,9292.0,154.0,4,3.0,true,0,car,3690.9699999999975,0.8010442428079141,OnTrack,-328.7515238700997,2157.3976248195404,1879.3742461002269,11,2026-07-14T15:14:26.335+05:30,BRAKING_EVENT
2026-06-14T13:17:53.270+05:30,0 days 01:08:06.505000,63,99.25333439198029,0 days 00:00:34.650000,10046.017380419391,114.92230364181027,2,0.0,true,0,pos,2073.7938694874097,0.4500715638228535,OnTrack,-5225.0,-5878.0,1787.0,11,2026-07-14T15:14:26.335+05:30,BRAKING_EVENT
2026-06-14T13:18:00.790+05:30,0 days 01:08:14.025000,63,143.866660163357,0 days 00:00:42.170000,10951.0,242.75621659899434,6,0.0,false,0,pos,2420.3548411386673,0.5252850364664016,OnTrack,-2480.0,-4808.0,1651.0,11,2026-07-14T15:14:26.335+05:30,THROTTLE_DROP
2026-06-14T13:18:08.749+05:30,0 days 01:08:21.984000,63,189.75305555555303,0 days 00:00:50.129000,10804.3,222.71666666666667,6,10.45,true,0,pos,2831.587791740416,0.6145341464652481,OnTrack,-3502.0,-1359.0,1840.0,11,2026-07-14T15:14:26.335+05:30,BRAKING_EVENT
2026-06-14T13:17:28.310+05:30,0 days 01:07:41.545000,63,128.21166685182385,0 days 00:00:09.690000,9163.188367622291,151.88678686318013,4,0.0,true,0,pos,798.0276540683551,0.17319443341261567,OnTrack,-2966.0,-6896.0,1624.0,11,2026-07-14T15:14:26.335+05:30,BRAKING_EVENT
2026-06-14T13:17:43.186+05:30,0 days 01:07:56.421000,63,142.71277777777777,0 days 00:00:24.566000,9468.0,213.0,7,0.0,true,0,car,1613.7283333333328,0.3502244100799187,OnTrack,-5359.025071833408,-3292.192882059071,1816.4265151687084,11,2026-07-14T15:14:26.335+05:30,BRAKING_EVENT
2026-06-14T13:17:53.630+05:30,0 days 01:08:06.865000,63,103.76778188149464,0 days 00:00:35.010000,9353.934350815083,105.93969465256052,2,0.0,true,0,pos,2084.3267200562273,0.4523574884736925,OnTrack,-5222.0,-5978.0,1781.0,11,2026-07-14T15:14:26.335+05:30,BRAKING_EVENT
2026-06-14T13:17:27.610+05:30,0 days 01:07:40.845000,63,130.12305598222218,0 days 00:00:08.990000,10784.687648,180.7500032,8,0.0,true,0,pos,766.9715147636574,0.16645437819843922,OnTrack,-2735.0,-6681.0,1630.0,11,2026-07-14T15:14:26.335+05:30,BRAKING_EVENT
2026-06-14T13:17:43.025+05:30,0 days 01:07:56.260000,63,146.15638888888884,0 days 00:00:24.405000,8908.0,230.0,7,0.0,true,0,car,1604.2024999999996,0.34815703647633645,OnTrack,-5414.081108387547,-3371.6998644514047,1815.1227138375675,11,2026-07-14T15:14:26.335+05:30,BRAKING_EVENT
2026-06-14T13:17:53.790+05:30,0 days 01:08:07.025000,63,106.34555883023863,0 days 00:00:35.170000,9151.32135065042,103.52763512679071,2,0.0,true,0,pos,2088.9122363992383,0.45335267441854465,OnTrack,-5211.0,-6022.0,1779.0,11,2026-07-14T15:14:26.335+05:30,BRAKING_EVENT
2026-06-14T13:18:36.990+05:30,0 days 01:08:50.225000,63,215.8261164422391,0 days 00:01:18.370000,10837.471596709207,178.88819314810164,4,22.58385513892378,true,0,pos,4268.6618758891,0.9264196187383255,OnTrack,2649.0,3052.0,1763.0,11,2026-07-14T15:14:26.335+05:30,BRAKING_EVENT
2026-06-14T13:18:02.826+05:30,0 days 01:08:16.061000,63,136.32694444444223,0 days 00:00:44.206000,9748.0,136.0,3,0.0,true,0,car,2526.4705555555556,0.5483151293972836,OnTrack,-2086.141059061705,-3898.634700571395,1667.699733204955,11,2026-07-14T15:14:26.335+05:30,BRAKING_EVENT
2026-06-14T13:17:44.550+05:30,0 days 01:07:57.785000,63,139.37583474411989,0 days 00:00:25.930000,8792.43169047423,145.5577865140787,4,0.0,true,0,pos,1675.4818563586136,0.36362666046193415,OnTrack,-4876.0,-2865.0,1823.0,11,2026-07-14T15:14:26.335+05:30,BRAKING_EVENT
2026-06-14T13:18:42.649+05:30,0 days 01:08:55.884000,63,445.638337866665,0 days 00:01:24.029000,9475.737243733334,76.4249984,1,1.5750016,true,0,pos,4517.521448554909,0.9804291414252028,OnTrack,1955.0,923.0,1744.0,11,2026-07-14T15:14:26.335+05:30,BRAKING_EVENT
2026-06-14T13:49:27.470+05:30,0 days 01:39:40.705000,1,459.9927809244463,0 days 00:01:15.370000,11019.091511466666,250.0749952,6,21.337478400000002,true,0,pos,4229.404324425738,0.9112602981100687,OnTrack,2448.0,3245.0,1774.0,33,2026-07-14T15:14:26.335+05:30,BRAKING_EVENT
2026-06-14T13:48:35.590+05:30,0 days 01:38:48.825000,1,359.34694563989063,0 days 00:00:23.490000,9510.261825565474,238.01592681316785,7,0.0,true,0,pos,1596.6422284150312,0.344009832457472,OnTrack,-5438.0,-3405.0,1815.0,33,2026-07-14T15:14:26.335+05:30,BRAKING_EVENT
2026-06-14T13:49:08.753+05:30,0 days 01:39:21.988000,1,247.12916666666888,0 days 00:00:56.653000,8558.0,211.0,8,0.0,true,0,car,3373.112777777777,0.7267651706139523,OnTrack,849.1885464704252,1617.7379730696975,1826.2979372125153,33,2026-07-14T15:14:26.335+05:30,BRAKING_EVENT
2026-06-14T13:49:09.873+05:30,0 days 01:39:23.108000,1,249.57027777777967,0 days 00:00:57.773000,10015.0,142.0,3,0.0,true,0,car,3424.870555555555,0.7379168138216979,OnTrack,1317.5237047415078,1845.1645610948744,1820.9102250915569,33,2026-07-14T15:14:26.335+05:30,BRAKING_EVENT
2026-06-14T13:48:46.393+05:30,0 days 01:38:59.628000,1,361.85666666666793,0 days 00:00:34.293000,9048.0,103.0,2,0.0,true,0,car,2091.986388888889,0.45073584697767943,OnTrack,-5181.078708131439,-6097.117248983172,1773.6508468329846,33,2026-07-14T15:14:26.335+05:30,BRAKING_EVENT
2026-06-14T13:48:35.390+05:30,0 days 01:38:48.625000,1,359.18694327598155,0 days 00:00:23.290000,9860.808333492669,255.01657520772122,7,1.045640244485376,true,0,pos,1583.7970751788587,0.3412422374796961,OnTrack,-5515.0,-3519.0,1813.0,33,2026-07-14T15:14:26.335+05:30,BRAKING_EVENT
2026-06-14T13:48:22.270+05:30,0 days 01:38:35.505000,1,397.12028119111176,0 days 00:00:10.170000,9928.5498368,140.5374976,3,3.2833365333333333,true,0,pos,818.5545776925843,0.17636438402913518,OnTrack,-3158.0,-6984.0,1623.0,33,2026-07-14T15:14:26.335+05:30,BRAKING_EVENT
2026-06-14T13:48:20.111+05:30,0 days 01:38:33.346000,1,387.68694314666726,0 days 00:00:08.011000,9358.399775288888,273.44999253333333,8,0.0,true,0,pos,711.5504677352802,0.15330945958609665,OnTrack,-2417.0,-6220.0,1636.0,33,2026-07-14T15:14:26.335+05:30,BRAKING_EVENT
2026-06-14T13:49:10.954+05:30,0 days 01:39:24.189000,1,253.5072222222243,0 days 00:00:58.854000,9703.0,110.0,2,0.0,true,0,car,3460.9499999999994,0.7456904298626648,OnTrack,1461.3503151154453,2162.1577512728463,1816.9462129051615,33,2026-07-14T15:14:26.335+05:30,BRAKING_EVENT
2026-06-14T13:48:37.154+05:30,0 days 01:38:50.389000,1,362.5394444444464,0 days 00:00:25.054000,10647.0,149.0,3,0.0,true,0,car,1672.8991666666666,0.3604400233197707,OnTrack,-4868.635775245408,-2863.064191452899,1822.4725196652173,33,2026-07-14T15:14:26.335+05:30,BRAKING_EVENT
2026-06-14T13:49:17.830+05:30,0 days 01:39:31.065000,1,297.90250525953707,0 days 00:01:05.730000,9054.905473245595,127.03773341877397,3,1.018866709386985,true,0,pos,3723.575206082321,0.8022752123115005,OnTrack,-756.0,2150.0,1900.0,33,2026-07-14T15:14:26.335+05:30,BRAKING_EVENT
2026-06-14T13:48:44.712+05:30,0 days 01:38:57.947000,1,315.50250000000165,0 days 00:00:32.612000,10515.0,149.0,3,0.0,true,0,car,2036.8124999999998,0.43884817425118794,OnTrack,-5124.1003646382715,-5574.21891984814,1799.9960101049403,33,2026-07-14T15:14:26.335+05:30,BRAKING_EVENT
2026-06-14T13:49:17.434+05:30,0 days 01:39:30.669000,1,287.0558333333338,0 days 00:01:05.334000,9613.0,136.0,3,3.0,true,0,car,3709.4700000000016,0.7992361284799436,OnTrack,-616.4946447012051,2123.090547053521,1893.065496541546,33,2026-07-14T15:14:26.335+05:30,BRAKING_EVENT
2026-06-14T13:48:21.513+05:30,0 days 01:38:34.748000,1,385.4847222222228,0 days 00:00:09.413000,11158.0,163.0,4,0.0,true,0,car,787.9041666666666,0.16976049834070164,OnTrack,-2895.6347631090175,-6842.41913489809,1625.728049131854,33,2026-07-14T15:14:26.335+05:30,BRAKING_EVENT
2026-06-14T13:49:10.074+05:30,0 days 01:39:23.309000,1,250.2402777777802,0 days 00:00:57.974000,9501.0,135.0,3,0.0,true,0,car,3432.4080555555547,0.7395408308156128,OnTrack,1372.1245899944647,1897.2095740029697,1819.2679576683615,33,2026-07-14T15:14:26.335+05:30,BRAKING_EVENT
2026-06-14T13:48:37.270+05:30,0 days 01:38:50.505000,1,362.21722151111317,0 days 00:00:25.170000,10416.4494912,146.0999936,3,0.0,true,0,pos,1677.5472185417575,0.3614414847106491,OnTrack,-4823.0,-2851.0,1823.0,33,2026-07-14T15:14:26.335+05:30,BRAKING_EVENT
2026-06-14T13:49:10.330+05:30,0 days 01:39:23.565000,1,251.18055535086364,0 days 00:00:58.230000,9661.840960965175,125.40187063464087,3,0.0,true,0,pos,3441.36409737789,0.7414704844298995,OnTrack,1424.0,1968.0,1819.0,33,2026-07-14T15:14:26.335+05:30,BRAKING_EVENT
2026-06-14T13:49:17.154+05:30,0 days 01:39:30.389000,1,279.8225000000007,0 days 00:01:05.054000,10181.0,142.0,3,2.0,true,0,car,3698.8922222222236,0.7969570583812415,OnTrack,-509.4656683567969,2124.4904379727495,1887.9459700825498,33,2026-07-14T15:14:26.335+05:30,BRAKING_EVENT
2026-06-14T13:48:45.050+05:30,0 days 01:38:58.285000,1,326.2558297671418,0 days 00:00:32.950000,10186.188200454419,136.03047464252182,3,0.0,true,0,pos,2049.6958621113995,0.4416240016485575,OnTrack,-5167.0,-5665.0,1796.0,33,2026-07-14T15:14:26.335+05:30,BRAKING_EVENT
2026-06-14T13:17:26.346+05:30,0 days 01:07:39.581000,63,160.7844444444445,0 days 00:00:07.726000,10542.0,301.0,8,1.0,true,0,car,687.5913888888889,0.14922665951599237,OnTrack,-2289.040985087877,-5995.797802574816,1638.8136716610622,11,2026-07-14T15:14:26.335+05:30,BRAKING_EVENT
2026-06-14T13:18:00.970+05:30,0 days 01:08:14.205000,63,139.1922226754299,0 days 00:00:42.350000,10886.97772729088,241.1309193749893,6,0.0,false,0,pos,2432.3999415216226,0.5278991618361037,OnTrack,-2411.0,-4708.0,1651.0,11,2026-07-14T15:14:26.335+05:30,THROTTLE_DROP
2026-06-14T13:18:36.389+05:30,0 days 01:08:49.624000,63,204.27916673081248,0 days 00:01:17.769000,10422.50797798517,204.2141226840459,6,8.917995456146448,true,0,pos,4237.7684049916625,0.9197148671411174,OnTrack,2471.0,3226.0,1773.0,11,2026-07-14T15:14:26.335+05:30,BRAKING_EVENT
2026-06-14T13:18:31.130+05:30,0 days 01:08:44.365000,63,193.28416666666766,0 days 00:01:12.510000,12682.25,193.2,4,100.0,false,0,pos,3914.7757319889415,0.8496163778068859,OnTrack,-370.0,3520.0,1918.0,11,2026-07-14T15:14:26.335+05:30,RPM_LIMIT
2026-06-14T13:18:00.665+05:30,0 days 01:08:13.900000,63,147.3736111111093,0 days 00:00:42.045000,10951.0,244.0,6,0.0,false,0,car,2411.9408333333336,0.5234589602557027,OnTrack,-2511.0534838188864,-4853.337665117836,1651.1634559414051,11,2026-07-14T15:14:26.335+05:30,THROTTLE_DROP
2026-06-14T13:18:36.425+05:30,0 days 01:08:49.660000,63,204.71916666666675,0 days 00:01:17.805000,10459.0,202.0,6,9.0,true,0,car,4239.698055555554,0.9201336555557716,OnTrack,2487.783674914204,3212.6364840205265,1772.0059494374932,11,2026-07-14T15:14:26.335+05:30,BRAKING_EVENT
2026-06-14T13:17:44.290+05:30,0 days 01:07:57.525000,63,138.15249999802725,0 days 00:00:25.670000,9263.063801880837,153.71012488966434,5,0.0,true,0,pos,1664.945247828493,0.36133992022785627,OnTrack,-4973.0,-2906.0,1821.0,11,2026-07-14T15:14:26.335+05:30,BRAKING_EVENT
2026-06-14T13:18:08.466+05:30,0 days 01:08:21.701000,63,188.12499999999818,0 days 00:00:49.846000,10341.0,232.0,6,12.0,true,0,car,2814.037777777777,0.6107253001061689,OnTrack,-3486.681929306318,-1470.578449638283,1834.3693462148474,11,2026-07-14T15:14:26.335+05:30,BRAKING_EVENT
2026-06-14T13:18:02.266+05:30,0 days 01:08:15.501000,63,127.76833333333116,0 days 00:00:43.646000,9024.0,149.0,4,0.0,true,0,car,2504.5608333333334,0.5435601037948994,OnTrack,-2090.784668957598,-4101.887605485103,1661.9239807596157,11,2026-07-14T15:14:26.335+05:30,BRAKING_EVENT
2026-06-14T13:18:16.106+05:30,0 days 01:08:29.341000,63,125.46999999999889,0 days 00:00:57.486000,10495.0,271.0,7,1.0,true,0,car,3341.143888888887,0.7251221431188251,OnTrack,458.23518345176154,1451.519853635474,1830.9904055283603,11,2026-07-14T15:14:26.335+05:30,BRAKING_EVENT
2026-06-14T13:18:08.705+05:30,0 days 01:08:21.940000,63,189.38638888888636,0 days 00:00:50.085000,10713.0,224.0,6,11.0,true,0,car,2828.9088888888887,0.6139527492427679,OnTrack,-3500.216614241605,-1381.0007175936032,1839.1870569413618,11,2026-07-14T15:14:26.335+05:30,BRAKING_EVENT
2026-06-14T13:17:51.745+05:30,0 days 01:08:04.980000,63,106.02666666666687,0 days 00:00:33.125000,10871.0,175.0,4,0.0,true,0,car,2017.075555555555,0.43776209535334976,OnTrack,-5031.151575238675,-5416.912559344425,1805.89945396587,11,2026-07-14T15:14:26.335+05:30,BRAKING_EVENT
2026-06-14T13:18:36.829+05:30,0 days 01:08:50.064000,63,212.1936111111123,0 days 00:01:18.209000,11224.22,184.04,5,17.96,true,0,pos,4260.664668766367,0.9246839999919776,OnTrack,2594.0,3111.0,1766.0,11,2026-07-14T15:14:26.335+05:30,BRAKING_EVENT
2026-06-14T13:17:28.770+05:30,0 days 01:07:42.005000,63,129.74638853333343,0 days 00:00:10.150000,9011.17480704,139.3750016,4,0.0,true,0,pos,816.2495538435373,0.17714909787966163,OnTrack,-3125.0,-6975.0,1623.0,11,2026-07-14T15:14:26.335+05:30,BRAKING_EVENT
2026-06-14T13:17:52.226+05:30,0 days 01:08:05.461000,63,99.41055555555567,0 days 00:00:33.606000,10540.0,147.0,4,0.0,true,0,car,2037.5866666666661,0.4422135830298004,OnTrack,-5124.773038793832,-5576.062938428379,1799.970302348649,11,2026-07-14T15:14:26.335+05:30,BRAKING_EVENT
2026-06-14T13:17:51.545+05:30,0 days 01:08:04.780000,63,110.41555555555578,0 days 00:00:32.925000,10251.0,190.0,5,0.0,true,0,car,2007.3533333333326,0.43565209984040587,OnTrack,-5008.178932029127,-5379.766786301443,1807.1700042066452,11,2026-07-14T15:14:26.335+05:30,BRAKING_EVENT
2026-06-14T13:17:42.866+05:30,0 days 01:07:56.101000,63,150.39638888888908,0 days 00:00:24.246000,9581.0,239.0,7,0.0,true,0,car,1594.0441666666661,0.3459523925932405,OnTrack,-5469.277566796498,-3451.9547575209835,1813.8137346938922,11,2026-07-14T15:14:26.335+05:30,BRAKING_EVENT
2026-06-14T13:18:37.610+05:30,0 days 01:08:50.845000,63,232.86833143111147,0 days 00:01:18.990000,10362.02502656,167.35000064,4,38.32499968,true,0,pos,4297.8081498430565,0.9327451794852616,OnTrack,2821.0,2760.0,1752.0,11,2026-07-14T15:14:26.335+05:30,BRAKING_EVENT
2026-06-14T13:17:52.170+05:30,0 days 01:08:05.405000,63,100.0483333333335,0 days 00:00:33.550000,10546.3,150.03333333333333,4,0.0,true,0,pos,2035.3591582981344,0.4417301510987854,OnTrack,-5124.0,-5574.0,1800.0,11,2026-07-14T15:14:26.335+05:30,BRAKING_EVENT
2026-06-14T13:17:27.545+05:30,0 days 01:07:40.780000,63,130.55638888888882,0 days 00:00:08.925000,10935.0,184.0,8,0.0,true,0,car,763.8144444444446,0.16576920519423027,OnTrack,-2712.000973546692,-6653.506104350452,1630.5507829358805,11,2026-07-14T15:14:26.335+05:30,BRAKING_EVENT
2026-06-14T13:18:41.510+05:30,0 days 01:08:54.745000,63,372.75639928888705,0 days 00:01:22.890000,9785.79925504,129.27498752,4,0.0,true,0,pos,4487.764345427669,0.9739710135773155,OnTrack,2137.0,1205.0,1744.0,11,2026-07-14T15:14:26.335+05:30,BRAKING_EVENT
2026-06-14T13:18:41.969+05:30,0 days 01:08:55.204000,63,399.69138888888733,0 days 00:01:23.349000,9893.771428571428,107.65714285714286,2,0.0,true,0,pos,4502.138623268299,0.977090635928285,OnTrack,2035.0,1048.0,1744.0,11,2026-07-14T15:14:26.335+05:30,BRAKING_EVENT
2026-06-14T13:17:26.626+05:30,0 days 01:07:39.861000,63,148.96222222222218,0 days 00:00:08.006000,9655.0,279.0,8,0.0,true,0,car,709.291388888889,0.153936169500883,OnTrack,-2430.2785530103633,-6241.762953279333,1635.430004383854,11,2026-07-14T15:14:26.335+05:30,BRAKING_EVENT
2026-06-14T13:17:52.426+05:30,0 days 01:08:05.661000,63,97.68833333333373,0 days 00:00:33.806000,9847.0,139.0,3,0.0,true,0,car,2045.308888888888,0.4438895223229386,OnTrack,-5126.203009960903,-5581.092183505328,1799.342237117952,11,2026-07-14T15:14:26.335+05:30,BRAKING_EVENT
2026-06-14T13:18:17.590+05:30,0 days 01:08:30.825000,63,85.83833070222097,0 days 00:00:58.970000,10918.15948544,149.7999872,4,0.0,true,0,pos,3421.8428404954534,0.7426360840571352,OnTrack,1208.0,1774.0,1822.0,11,2026-07-14T15:14:26.335+05:30,BRAKING_EVENT
2026-06-14T13:18:18.410+05:30,0 days 01:08:31.645000,63,83.91499988984303,0 days 00:00:59.790000,8564.037699869701,118.7223399786435,3,0.0,true,0,pos,3450.536775905907,0.7488634746249386,OnTrack,1440.0,2005.0,1818.0,11,2026-07-14T15:14:26.335+05:30,BRAKING_EVENT
2026-06-14T13:18:40.907+05:30,0 days 01:08:54.142000,63,341.7972222222206,0 days 00:01:22.287000,10018.0,178.0,5,0.0,true,0,car,4464.86361111111,0.9690009104932066,OnTrack,2273.916073929069,1415.130166871138,1744.0000000078514,11,2026-07-14T15:14:26.335+05:30,BRAKING_EVENT
2026-06-14T13:17:28.570+05:30,0 days 01:07:41.805000,63,128.78805537777788,0 days 00:00:09.950000,8684.916795733334,144.60416853333334,4,0.0,true,0,pos,808.5139020714902,0.17547024399670802,OnTrack,-3055.0,-6948.0,1624.0,11,2026-07-14T15:14:26.335+05:30,BRAKING_EVENT
2026-06-14T13:18:02.289+05:30,0 days 01:08:15.524000,63,128.0366673053226,0 days 00:00:43.669000,8994.779804667249,148.71069113531928,4,0.0,true,0,pos,2505.4997111338494,0.543763866669375,OnTrack,-2090.0,-4094.0,1662.0,11,2026-07-14T15:14:26.335+05:30,BRAKING_EVENT
2026-06-14T13:18:43.149+05:30,0 days 01:08:56.384000,63,365.5994652940573,0 days 00:01:24.529000,9200.050204514726,72.38718745186631,1,48.699166538310145,true,0,pos,4527.488453867871,0.9825922617496659,OnTrack,1908.0,851.0,1744.0,11,2026-07-14T15:14:26.335+05:30,BRAKING_EVENT
2026-06-14T13:48:37.552+05:30,0 days 01:38:50.787000,1,361.3461111111135,0 days 00:00:25.452000,9932.0,138.0,3,0.0,false,0,car,1688.4891666666665,0.3637990183360405,OnTrack,-4714.605249385936,-2837.7235342908198,1824.836102448479,33,2026-07-14T15:14:26.335+05:30,THROTTLE_DROP
2026-06-14T13:48:35.474+05:30,0 days 01:38:48.709000,1,358.7669444444466,0 days 00:00:23.374000,9575.0,247.0,7,0.0,true,0,car,1589.3480555555554,0.3424382423174599,OnTrack,-5482.077500912821,-3470.2521605953484,1813.9975692956768,33,2026-07-14T15:14:26.335+05:30,BRAKING_EVENT
2026-06-14T13:48:44.050+05:30,0 days 01:38:57.285000,1,300.33694444444575,0 days 00:00:31.950000,10241.9,189.2,5,0.0,true,0,pos,2007.5905289809714,0.432552057829219,OnTrack,-4981.0,-5342.0,1808.0,33,2026-07-14T15:14:26.335+05:30,BRAKING_EVENT
2026-06-14T13:48:46.592+05:30,0 days 01:38:59.827000,1,365.2286111111125,0 days 00:00:34.492000,8846.0,100.0,2,0.0,true,0,car,2097.514166666667,0.45192685262274696,OnTrack,-5157.572347757972,-6127.793852168504,1770.919721968564,33,2026-07-14T15:14:26.335+05:30,BRAKING_EVENT
2026-06-14T13:48:20.851+05:30,0 days 01:38:34.086000,1,381.42638897777834,0 days 00:00:08.751000,9721.082407314285,196.34285348571427,8,0.0,true,0,pos,756.5618556511006,0.16300753705143517,OnTrack,-2677.0,-6609.0,1631.0,33,2026-07-14T15:14:26.335+05:30,BRAKING_EVENT
2026-06-14T13:49:09.370+05:30,0 days 01:39:22.605000,1,247.70166650666894,0 days 00:00:57.270000,9760.7280272,169.937504,8,0.0,true,0,pos,3404.1503194285824,0.7334524668116638,OnTrack,1141.0,1740.0,1823.0,33,2026-07-14T15:14:26.335+05:30,BRAKING_EVENT
2026-06-14T13:49:16.930+05:30,0 days 01:39:30.165000,1,274.4091666666674,0 days 00:01:04.830000,10784.076923076924,151.47692307692307,4,2.4307692307692306,true,0,pos,3690.3927766475213,0.7951257822217496,OnTrack,-418.0,2136.0,1884.0,33,2026-07-14T15:14:26.335+05:30,BRAKING_EVENT
2026-06-14T13:48:44.470+05:30,0 days 01:38:57.705000,1,309.1491713588103,0 days 00:00:32.370000,11129.017517250539,161.97907013112766,5,0.0,true,0,pos,2026.7192053545587,0.4366734900682644,OnTrack,-5113.0,-5552.0,1800.0,33,2026-07-14T15:14:26.335+05:30,BRAKING_EVENT
2026-06-14T13:49:27.553+05:30,0 days 01:39:40.788000,1,461.35305555555715,0 days 00:01:15.453000,10952.0,248.0,6,12.0,true,0,car,4235.047222222223,0.9124761073195437,OnTrack,2496.3118832858745,3203.321190525329,1771.874594812577,33,2026-07-14T15:14:26.335+05:30,BRAKING_EVENT
2026-06-14T13:49:07.873+05:30,0 days 01:39:21.108000,1,267.88666666666904,0 days 00:00:55.773000,10622.0,300.0,8,0.0,false,0,car,3309.0683333333327,0.712966262999542,OnTrack,298.1271805158081,1369.9952657445428,1833.0341925121866,33,2026-07-14T15:14:26.335+05:30,THROTTLE_DROP
2026-06-14T13:49:16.113+05:30,0 days 01:39:29.348000,1,260.00666666666757,0 days 00:01:04.013000,11266.0,181.0,4,67.0,true,0,car,3654.246666666668,0.7873378025371294,OnTrack,-76.38868878797122,2267.4253605659333,1870.6076802146772,33,2026-07-14T15:14:26.335+05:30,BRAKING_EVENT
2026-06-14T13:49:10.594+05:30,0 days 01:39:23.829000,1,252.20722222222412,0 days 00:00:58.494000,10467.0,118.0,2,0.0,true,0,car,3449.9499999999994,0.7433203884785103,OnTrack,1463.4792245012557,2087.1791212491885,1817.781836389295,33,2026-07-14T15:14:26.335+05:30,BRAKING_EVENT
2026-06-14T13:49:09.850+05:30,0 days 01:39:23.085000,1,249.48083308444643,0 days 00:00:57.750000,10086.53019904,143.03500288,4,0.0,true,0,pos,3423.983156788045,0.7377256163850393,OnTrack,1313.0,1841.0,1821.0,33,2026-07-14T15:14:26.335+05:30,BRAKING_EVENT
2026-06-14T13:49:11.393+05:30,0 days 01:39:24.628000,1,255.26972222222503,0 days 00:00:59.293000,9029.0,101.0,2,0.0,false,0,car,3473.5997222222213,0.7484159176049124,OnTrack,1429.6606087857194,2293.9661589536618,1818.192605416569,33,2026-07-14T15:14:26.335+05:30,THROTTLE_DROP
2026-06-14T13:48:46.011+05:30,0 days 01:38:59.246000,1,354.2086125866678,0 days 00:00:33.911000,9602.05237824,109.37249856,2,0.0,true,0,pos,2081.020438238146,0.44837314180869253,OnTrack,-5223.0,-5973.0,1782.0,33,2026-07-14T15:14:26.335+05:30,BRAKING_EVENT
2026-06-14T13:48:20.192+05:30,0 days 01:38:33.427000,1,386.04444444444505,0 days 00:00:08.092000,9074.0,264.0,8,0.0,true,0,car,717.2352777777777,0.15453429913716724,OnTrack,-2451.3809047672216,-6276.475788923929,1635.1368424034183,33,2026-07-14T15:14:26.335+05:30,BRAKING_EVENT
2026-06-14T13:48:45.273+05:30,0 days 01:38:58.508000,1,333.936944444446,0 days 00:00:33.173000,10542.0,128.0,3,0.0,true,0,car,2057.481388888889,0.4433014580722022,OnTrack,-5201.876625575456,-5758.905484644444,1791.3218668316867,33,2026-07-14T15:14:26.335+05:30,BRAKING_EVENT
2026-06-14T13:49:00.970+05:30,0 days 01:39:14.205000,1,495.3183324977787,0 days 00:00:48.870000,11450.93744,227.1812512,6,9.6062496,true,0,pos,2819.1879381925482,0.6074174621113976,OnTrack,-3507.0,-1274.0,1843.0,33,2026-07-14T15:14:26.335+05:30,BRAKING_EVENT
2026-06-14T13:48:21.833+05:30,0 days 01:38:35.068000,1,389.75138888888944,0 days 00:00:09.733000,10617.0,151.0,3,0.0,true,0,car,801.3263888888888,0.17265242762560928,OnTrack,-3003.0357886171705,-6919.619792998321,1624.0152508548586,33,2026-07-14T15:14:26.335+05:30,BRAKING_EVENT
